No;Brand;Phone Name;Product URL;Estimated_Price;Popularity_Fans;Battery_Charging;Battery_Type;Body_;Body_Build;Body_Dimensions;Body_SIM;Body_Weight;Comms_Bluetooth;Comms_Infraredport;Comms_NFC;Comms_Positioning;Comms_Radio;Comms_USB;Comms_WLAN;Display_Protection;Display_Resolution;Display_Size;Display_Type;Features_;Features_Sensors;Launch_Announced;Launch_Status;MainCamera_Dual;MainCamera_Features;MainCamera_Quad;MainCamera_Single;MainCamera_Triple;MainCamera_Video;Memory_;Memory_Cardslot;Memory_Internal;Misc_Colors;Misc_Models;Misc_Price;Network_;Network_2Gbands;Network_3Gbands;Network_4Gbands;Network_5Gbands;Network_Speed;Network_Technology;Platform_CPU;Platform_Chipset;Platform_GPU;Platform_OS;Selfiecamera_Dual;Selfiecamera_Features;Selfiecamera_Single;Selfiecamera_Video;Sound_;Sound_35mmjack;Sound_Loudspeaker;Tests_Audioquality;Tests_Batteryold;Tests_Camera;Tests_Display;Tests_Loudspeaker;Tests_Performance
1;Huawei;Huawei Y7 (2019);https://www.gsmarena.com/huawei_y7_(2019)-9625.php;N/A;N/A;10W wired;Li-Ion 4000 mAh, non-removable;N/A;Glass front, plastic back, plastic frame;158.9 x 76.9 x 8.1 mm (6.26 x 3.03 x 0.32 in);Nano-SIM + Nano-SIM;168 g (5.93 oz);4.2, A2DP, LE;N/A;No;GPS, GLONASS, BDS;FM radio;microUSB 2.0;Wi-Fi 802.11 b/g/n, Wi-Fi Direct;N/A;720 x 1520 pixels, 19:9 ratio (~269 ppi density);6.26 inches, 97.8 cm2 (~80.0% screen-to-body ratio);IPS LCD;N/A;Fingerprint (rear-mounted), accelerometer, proximity, compass;2019, March 07. Released 2019, March 07;Discontinued;"13 MP, f/1.8, PDAF
2 MP, (depth)";LED flash, HDR, panorama;N/A;N/A;N/A;1080p@30fps;eMMC 5.1;microSDXC (uses shared SIM slot);32GB 3GB RAM, 64GB 4GB RAM;Aurora Blue, Midnight Black, Coral Red;DUB-LX1, DUB-LX3;About 180 EUR;N/A;GSM 850 / 900 / 1800 / 1900;HSDPA 850 / 900 / 1900 / 2100;1, 3, 7, 8, 20;N/A;HSPA 42.2/5.76 Mbps, LTE (2CA) Cat6 300/50 Mbps;GSM / HSPA / LTE;Octa-core 1.8 GHz Cortex-A53;Qualcomm SDM450 Snapdragon 450 (14 nm);Adreno 506;Android 8.1 (Oreo), EMUI 8.2;N/A;HDR;8 MP;1080p@30fps;N/A;Yes;Yes;N/A;N/A;N/A;N/A;N/A;N/A
2;Huawei;Huawei nova 5T;https://www.gsmarena.com/huawei_nova_5t-9803.php;N/A;N/A;22.5W wired, 50% in 24 min;Li-Po 3750 mAh, non-removable;N/A;Glass front, glass back, aluminum frame;154.3 x 74 x 7.8 mm (6.07 x 2.91 x 0.31 in);Nano-SIM + Nano-SIM;174 g (6.14 oz);5.0, A2DP, aptX HD, LE;N/A;Yes;GPS (L1+L5), GLONASS (L1), BDS (B1), GALILEO (E1+E5a), QZSS (L1+L5);No;USB Type-C 2.0, OTG;Wi-Fi 802.11 a/b/g/n/ac, dual-band, Wi-Fi Direct;N/A;1080 x 2340 pixels, 19.5:9 ratio (~412 ppi density);6.26 inches, 96.2 cm2 (~84.2% screen-to-body ratio);IPS LCD;N/A;Fingerprint (side-mounted), accelerometer, gyro, proximity, compass;2019, August 27. Released 2019, September 05;Discontinued;N/A;LED flash, HDR, panorama;"48 MP, f/1.8, 28mm (wide), 1/2.0"", 0.8µm, PDAF
16 MP, f/2.2, 13mm (ultrawide), 1/3.1""
2 MP, f/2.4, (macro)
2 MP, f/2.4, (depth)";N/A;N/A;"4K@30fps, 1080p@30/60fps; gyro-EIS";UFS 2.1;No;128GB 6GB RAM, 128GB 8GB RAM;Black, Crush Blue, Midsummer Purple, Crush Green;YAL-L21, YAL-L61, YAL-L71, YAL-L61D;About 340 EUR;N/A;GSM 850 / 900 / 1800 / 1900;HSDPA 800 / 850 / 900 / 1700(AWS) / 1900 / 2100;1, 2, 3, 4, 5, 7, 8, 18, 19, 20, 26, 28, 38, 40, 41;N/A;HSPA, LTE;GSM / HSPA / LTE;Octa-core (2x2.6 GHz Cortex-A76 & 2x1.92 GHz Cortex-A76 & 4x1.8 GHz Cortex-A55);Kirin 980 (7 nm);Mali-G76 MP10;Android 9.0 (Pie), upgradable to Android 10, EMUI 10;N/A;HDR;"32 MP, f/2.0, 26mm (wide), 1/2.8"", 0.8µm";1080p@30fps, gyro-EIS;32-bit/192kHz audio;No;Yes;N/A;N/A;N/A;N/A;N/A;"AnTuTu: 313024 (v7), 395503 (v8)
GeekBench: 10013 (v4.4), 2504 (v5.1)
GFXBench: 29fps (ES 3.1 onscreen)"
3;Huawei;Huawei P30;https://www.gsmarena.com/huawei_p30-9530.php;N/A;N/A;22.5W wired;Li-Po 3650 mAh, non-removable;"IP53 dust protected and water resistant
(vertical water sprays)";Glass front (Aluminosilicate glass), glass back (Aluminosilicate glass), aluminum frame;149.1 x 71.4 x 7.6 mm (5.87 x 2.81 x 0.30 in);Nano-SIMNano-SIM + Nano-SIM;165 g (5.82 oz);5.0, A2DP, aptX HD, LE;N/A;Yes;GPS (L1+L5), GLONASS (L1), BDS (B1), GALILEO (E1+E5a), QZSS (L1+L5);No;USB Type-C 3.1;Wi-Fi 802.11 a/b/g/n/ac, dual-band, Wi-Fi Direct;N/A;1080 x 2340 pixels, 19.5:9 ratio (~422 ppi density);6.1 inches, 91.3 cm2 (~85.8% screen-to-body ratio);OLED, HDR10;N/A;Fingerprint (under display, optical), accelerometer, gyro, proximity, compass;2019, March 26. Released 2019, March 26;Discontinued;N/A;Laser AF, color spectrum sensor, Leica optics, dual-LED dual-tone flash, panorama, HDR;N/A;N/A;"40 MP, f/1.8, 27mm (wide), 1/1.7"", PDAF
8 MP, f/2.4, 80mm (telephoto), 1/4.0"", PDAF, OIS, 3x optical zoom
16 MP, f/2.2, 17mm (ultrawide), PDAF";4K@30fps, 1080p@60fps, 1080p@30fps (gyro-EIS), 720p@960fps;UFS 2.1;Nano Memory (uses shared SIM slot);64GB 8GB RAM, 128GB 6GB RAM, 128GB 8GB RAM, 256GB 8GB RAM;Aurora, Amber Sunrise, Breathing Crystal, Black, Pearl White;ELE-L29, ELE-L09, ELE-AL00, ELE-TL00, ELE-L04;About 280 EUR;N/A;GSM 850 / 900 / 1800 / 1900;HSDPA 800 / 850 / 900 / 1700(AWS) / 1900 / 2100;1, 2, 3, 4, 5, 6, 7, 8, 9, 12, 17, 18, 19, 20, 26, 28, 32, 34, 38, 39, 40;N/A;HSPA 42.2/5.76 Mbps, LTE Cat21 1400/200 Mbps;GSM / HSPA / LTE;Octa-core (2x2.6 GHz Cortex-A76 & 2x1.92 GHz Cortex-A76 & 4x1.8 GHz Cortex-A55);Kirin 980 (7 nm);Mali-G76 MP10;Android 9.0 (Pie), upgradable to Android 10, EMUI 10;N/A;HDR;"32 MP, f/2.0, 26mm (wide), 1/2.8"", 0.8µm";1080p@30fps;32-bit/384kHz audio;Yes;Yes;Noise -96.2dB / Crosstalk -97.5dB;Endurance rating 83h;Photo / Video;635 nits max brightness (measured);Voice 83dB / Noise 75dB / Ring 83dB;"AnTuTu: 314595 (v7)
GeekBench: 10114 (v4.4)
GFXBench: 28fps (ES 3.1 onscreen)"
4;Huawei;Huawei nova 3i;https://www.gsmarena.com/huawei_nova_3i-9632.php;N/A;N/A;10W wired;Li-Ion 3340 mAh, non-removable;N/A;Glass front, plastic back, plastic frame;157.6 x 75.2 x 7.6 mm (6.20 x 2.96 x 0.30 in);Nano-SIM + Nano-SIM;169 g (5.96 oz);4.2, A2DP, LE, EDR, aptX HD;N/A;No;GPS, GLONASS, BDS;FM radio;microUSB 2.0, OTG;Wi-Fi 802.11 b/g/n, Wi-Fi Direct;N/A;1080 x 2340 pixels, 19.5:9 ratio (~409 ppi density);6.3 inches, 97.4 cm2 (~82.2% screen-to-body ratio);IPS LCD;N/A;Fingerprint (rear-mounted), accelerometer, gyro, proximity, compass;2018, July 18. Released 2018, July 27;Discontinued;"16 MP, f/2.2, PDAF
2 MP, (depth)";LED flash, HDR, panorama;N/A;N/A;N/A;1080p@30fps;eMMC 5.1;microSDXC (uses shared SIM slot);64GB 4GB RAM, 128GB 4GB RAM, 128GB 6GB RAM;Black, Pearl White, Iris Purple;INE-LX1, INE-LX1r, INE-LX1, Sydney 6353, INE-LX2r, INE-AL00, INE-TL00;About 220 EUR;N/A;GSM 850 / 900 / 1800 / 1900;HSDPA 850 / 900 / 2100;1, 3, 5, 7, 8, 28, 38, 40, 41;N/A;HSPA 42.2/5.76 Mbps, LTE (3CA) Cat12 600/150 Mbps;GSM / HSPA / LTE;Octa-core (4x2.2 GHz Cortex-A73 & 4x1.7 GHz Cortex-A53);Kirin 710 (12 nm);Mali-G51 MP4;Android 8.1 (Oreo), upgradable to Android 9.0 (Pie), EMUI 9.0;"24 MP, f/2.0, 26mm (wide), 1/2.8"", 0.9µm
2 MP, depth sensor";HDR;N/A;1080p@30fps;N/A;Yes;Yes;N/A;N/A;N/A;N/A;N/A;N/A
5;Huawei;Huawei Nova Y73;https://www.gsmarena.com/huawei_nova_y73_4g-13827.php;N/A;N/A;"40W wired
5W reverse wired";Si/C Li-Ion 6620 mAh;"IP64 dust tight and water resistant (water splashes)
Drop resistant up to 1.8m";N/A;166.1 x 76.6 x 8.3 mm (6.54 x 3.02 x 0.33 in);Nano-SIM + Nano-SIM;203 g (7.16 oz);5.1, A2DP, LE;Yes;Yes;GPS, GLONASS, GALILEO, BDS, QZSS;No;USB Type-C 2.0, OTG;Wi-Fi 802.11 b/g/n;N/A;720 x 1604 pixels, 20:9 ratio (~264 ppi density);6.67 inches, 107.2 cm2 (~84.3% screen-to-body ratio);IPS LCD, 90Hz, 1000 nits (peak);N/A;Fingerprint (side-mounted), accelerometer, proximity, compass;2025, May 28;Available. Released 2025, June 03;N/A;LED flash, HDR, panorama;N/A;50 MP, f/1.8, (wide), PDAF;N/A;1080p@30fps;N/A;No;128GB 8GB RAM, 256GB 8GB RAM;Blue, Black;MGA-LX3;About 180 EUR;N/A;GSM 850 / 900 / 1800 / 1900;HSDPA 850 / 900 / 1700(AWS) / 1900 / 2100;1, 2, 3, 4, 5, 7, 8, 13, 18, 19, 20, 26, 28, 34, 38, 39, 40, 41, 66;N/A;HSPA, LTE;GSM / HSPA / LTE;Octa-core (4x2.0 GHz Cortex-A73 & 4x1.7 GHz Cortex-A53);Kirin 710A (14 nm);Mali-G51 MP4;Android 12, EMUI 12;N/A;N/A;8 MP, f/2.0, (wide);1080p@30fps;N/A;No;Yes;N/A;N/A;N/A;N/A;N/A;N/A
6;Huawei;Huawei P40 Pro;https://www.gsmarena.com/huawei_p40_pro-10152.php;N/A;N/A;"40W wired
27W wireless
27W reverse wireless";Li-Po 4200 mAh;IP68 dust tight and water resistant (immersible up to 1.5m for 30 min);Glass front, glass back, aluminum frame;158.2 x 72.6 x 9 mm (6.23 x 2.86 x 0.35 in);Nano-SIM + eSIMNano-SIM + Nano-SIM;209 g (7.37 oz);5.1, A2DP, LE;Yes;Yes;GPS (L1+L5), GLONASS (L1), BDS (B1I+B1c+B2a), GALILEO (E1+E5a), QZSS (L1+L5), NavIC;No;USB Type-C 3.1, OTG;Wi-Fi 802.11 a/b/g/n/ac/6, dual-band, Wi-Fi Direct;N/A;1200 x 2640 pixels (~441 ppi density);6.58 inches, 105.2 cm2 (~91.6% screen-to-body ratio);OLED, 90Hz, HDR10;N/A;Infrared Face ID, fingerprint (under display, optical), accelerometer, gyro, proximity, compass;2020, March 26;Available. Released 2020, April 07;N/A;Leica optics, color spectrum sensor, LED flash, panorama, HDR;N/A;N/A;"50 MP, f/1.9, 23mm (wide), 1/1.28"", 1.22µm, dual pixel PDAF, OIS
12 MP, f/3.4, 125mm (periscope telephoto), PDAF, OIS, 5x optical zoom
40 MP, f/1.8, 18mm (ultrawide), 1/1.54"", PDAF
TOF 3D, (depth)";"4K@30/60fps, 1080p@30/60fps, 720@7680fps, 1080p@960fps, HDR; gyro-EIS";UFS 3.0;Nano Memory (uses shared SIM slot);128GB 8GB RAM, 256GB 8GB RAM, 512GB 8GB RAM;Silver Frost, Blush Gold, Deep Sea Blue, Ice White, Black;ELS-NX9, ELS-N04, ELS-AN00, ELS-TN00;$ 379.99 / € 325.65 / £ 299.00;1, 3, 5, 28, 38, 41, 66, 77, 78, 79 SA/NSA - ELS-N04;GSM 850 / 900 / 1800 / 1900;HSDPA 800 / 850 / 900 / 1700(AWS) / 1900 / 2100;1, 2, 3, 4, 5, 6, 7, 8, 9, 12, 17, 18, 19, 20, 26, 28, 32, 34, 38, 39, 40, 41 - ELS-NX9;1, 3, 28, 38, 41, 77, 78, 79 SA/NSA - ELS-NX9;HSPA, LTE, 5G;GSM / HSPA / LTE / 5G;Octa-core (2x2.86 GHz Cortex-A76 & 2x2.36 GHz Cortex-A76 & 4x1.95 GHz Cortex-A55);Kirin 990 5G (7 nm+);Mali-G76 MP16;Android 10, EMUI 12, no Google Play Services;N/A;HDR;"32 MP, f/2.2, 26mm (wide), 1/2.8"", 0.8µm, AF
IR TOF 3D, (depth/biometrics sensor)";4K@30/60fps, 1080p@30/60fps;32-bit/384kHz audio;No;Yes;N/A;Endurance rating 94h;Photo / Video;Contrast ratio: Infinite (nominal);-27.5 LUFS (Good);"AnTuTu: 496356 (v8)
GeekBench: 12848 (v4.4), 3197 (v5.1)
GFXBench: 31fps (ES 3.1 onscreen)"
7;Huawei;Huawei Y9 (2019);https://www.gsmarena.com/huawei_y9_(2019)-9324.php;N/A;N/A;10W wired;Li-Ion 4000 mAh, non-removable;N/A;Glass front, plastic back, plastic frame;162.4 x 77.1 x 8.1 mm (6.39 x 3.04 x 0.32 in);Nano-SIMNano-SIM + Nano-SIM;173 g (6.10 oz);5.0, A2DP, LE;N/A;No;GPS, GLONASS, BDS;FM radio;microUSB 2.0;Wi-Fi 802.11 а/b/g/n/ac, dual-band, Wi-Fi Direct;N/A;1080 x 2340 pixels, 19.5:9 ratio (~396 ppi density);6.5 inches, 103.7 cm2 (~82.8% screen-to-body ratio);IPS LCD;N/A;Fingerprint (rear-mounted), accelerometer, gyro, proximity, compass;2018, October 01. Released 2018, October 01;Discontinued;"13 MP, f/1.8, PDAF
2 MP, f/2.4, (depth)";LED flash, HDR, panorama;N/A;N/A;N/A;1080p@30fps;eMMC 5.1;microSDXC (dedicated slot);64GB 3GB RAM, 64GB 4GB RAM, 128GB 4GB RAM, 128GB 6GB RAM;Midnight Black, Sapphire Blue, Aurora Purple;JKM-LX1, JKM-LX2, JKM-LX3, JKM-AL00, JKM-TL00, JKM-AL00a, JKM-AL00b;About 180 EUR;N/A;GSM 850 / 900 / 1800 / 1900;HSDPA 850 / 900 / 1900 / 2100;1, 3, 7, 8, 20;N/A;HSPA, LTE;GSM / HSPA / LTE;Octa-core (4x2.2 GHz Cortex-A73 & 4x1.7 GHz Cortex-A53);Kirin 710 (12 nm);Mali-G51 MP4;Android 8.1 (Oreo), EMUI 8.2;"16 MP, f/2.0
2 MP, f/2.4, depth sensor";HDR;N/A;1080p@30fps;N/A;Yes;Yes;N/A;N/A;N/A;N/A;N/A;N/A
8;Huawei;Huawei nova 7 5G;https://www.gsmarena.com/huawei_nova_7_5g-10204.php;N/A;N/A;"40W wired, 75% in 30 min
5W reverse wired";Li-Po 4000 mAh;N/A;N/A;160.6 x 74.3 x 8 mm (6.32 x 2.93 x 0.31 in);Nano-SIMNano-SIM + Nano-SIM;180 g (6.35 oz);5.1, A2DP, LE;N/A;Yes;GPS, GLONASS, GALILEO, BDS, QZSS;No;USB Type-C 2.0, OTG;Wi-Fi 802.11 a/b/g/n/ac, dual-band, Wi-Fi Direct;N/A;1080 x 2400 pixels, 20:9 ratio (~403 ppi density);6.53 inches, 102.9 cm2 (~86.3% screen-to-body ratio);OLED;N/A;Fingerprint (under display, optical), accelerometer, gyro, proximity, compass;2020, April 23;Available. Released 2020, April 28;N/A;LED flash, Panorama, HDR;"64 MP, f/1.8, 26mm (wide), PDAF
8 MP, f/2.4, 80mm (telephoto), PDAF, 3x optical zoom
8 MP, f/2.4, 17mm (ultrawide)
2 MP, f/2.4, (macro)";N/A;N/A;4K, 1080p, 720p@960fps, gyro-EIS;UFS 3.0;No;128GB 8GB RAM, 256GB 8GB RAM;Black, Space Silver, Midsummer Purple, Red, Green;JEF-TN00, JEF-AN00, JEF-NX9, JEF-AN20;About 390 EUR;1, 3, 41, 77, 78, 79 SA/NSA - China;GSM 850 / 900 / 1800 / 1900;HSDPA 800 / 850 / 900 / 1700(AWS) / 1900 / 2100;1, 2, 3, 4, 5, 6, 7, 8, 9, 18, 19, 20, 26, 28, 38, 40, 41, 66 - International;1, 3, 28, 38, 41, 77, 78, 79 SA/NSA - International;HSPA, LTE, 5G;GSM / CDMA / HSPA / LTE / 5G;Octa-core (1x2.58 GHz Cortex-A76 & 3x2.40 GHz Cortex-A76 & 4x1.84 GHz Cortex-A55);Kirin 985 5G (7 nm);Mali-G77 (8-core);Android 10, EMUI 10.1, no Google Play Services;N/A;HDR;"32 MP, f/2.2, 26mm (wide), 1/2.8"", 0.8µm";4K;N/A;No;Yes;N/A;N/A;N/A;N/A;N/A;N/A
9;Huawei;Huawei Y9 Prime (2019);https://www.gsmarena.com/huawei_y9_prime_(2019)-9742.php;N/A;N/A;N/A;Li-Po 4000 mAh, non-removable;N/A;Glass front, plastic back;163.5 x 77.3 x 8.9 mm (6.44 x 3.04 x 0.35 in);Nano-SIMNano-SIM + Nano-SIM;196.8 g (6.95 oz);5.0, A2DP, LE;N/A;No;GPS, GLONASS, GALILEO, BDS, QZSS;FM radio;USB Type-C 2.0, OTG;Wi-Fi 802.11 a/b/g/n/ac, dual-band, Wi-Fi Direct;N/A;1080 x 2340 pixels, 19.5:9 ratio (~391 ppi density);6.59 inches, 106.6 cm2 (~84.3% screen-to-body ratio);IPS LCD;N/A;Fingerprint (rear-mounted), accelerometer, gyro, proximity, compass;2019, August 01. Released 2019, August 05;Discontinued;N/A;LED flash, HDR, panorama;N/A;N/A;"16 MP, f/1.8, (wide), PDAF
8 MP, f/2.4, 13mm (ultrawide)
2 MP, f/2.4, (depth)";1080p@30fps;eMMC;microSDXC (dedicated slot);64GB 4GB RAM, 128GB 4GB RAM;Emerald Green, Midnight Black, Sapphire Blue;STK-L21, STK-L22, STK-LX3;About 220 EUR;N/A;GSM 850 / 900 / 1800 / 1900;HSDPA 800 / 850 / 900 / 1700(AWS) / 1900 / 2100;1, 2, 3, 4, 5, 7, 8, 18, 19, 20, 26, 28, 38, 40, 41;N/A;HSPA 42.2/5.76 Mbps, LTE (2CA) Cat12 600/50 Mbps;GSM / HSPA / LTE;Octa-core (4x2.2 GHz Cortex-A73 & 4x1.7 GHz Cortex-A53);Kirin 710F (12 nm);Mali-G51 MP4;Android 9.0 (Pie), upgradable to Android 10, Magic UI 2.1;N/A;N/A;Motorized pop-up 16 MP, f/2.0;1080p@30fps;N/A;Yes;Yes;N/A;N/A;N/A;N/A;N/A;N/A
10;Huawei;Huawei nova 9 SE;https://www.gsmarena.com/huawei_nova_9_se-11399.php;N/A;N/A;66W wired, 75% in 20 min;Li-Po 4000 mAh;N/A;N/A;164.6 x 75.6 x 7.9 mm (6.48 x 2.98 x 0.31 in);Nano-SIM + Nano-SIM;191 g (6.74 oz);5.0, A2DP, LE;N/A;Yes (JLN-XL1 only);GPS, GLONASS, GALILEO, BDS, QZSS;No;USB Type-C 2.0, OTG;Wi-Fi 802.11 a/b/g/n/ac, dual-band, Wi-Fi Direct;N/A;1080 x 2388 pixels (~387 ppi density);6.78 inches, 111.4 cm2 (~89.5% screen-to-body ratio);IPS LCD, 90Hz;Virtual proximity sensing;Fingerprint (side-mounted), accelerometer, gyro, compass;2022, March 08;Available. Released 2022, March 20;N/A;LED flash, HDR, panorama;"108 MP, f/1.9, (wide), 1/1.52"", 0.7µm, PDAF
8 MP, f/2.2, 112˚ (ultrawide)
2 MP, f/2.4, (macro)
2 MP, f/2.4, (depth)";N/A;N/A;1080p@30fps, gyro-EIS;N/A;microSDXC (uses shared SIM slot);128GB 6GB RAM, 128GB 8GB RAM, 256GB 8GB RAM, 512GB 8GB RAM;Midnight Black, Pearl White, Crystal Blue;JLN-LX1, JLN-LX3, JuliaQN-L01B, JuliaQN-L21B, JuliaQN-L23A, RMX2190, FIO-BD00, JLN-AL00;$ 585.00 / € 179.25;1, 2, 3, 4, 5, 7, 8, 12, 13, 17, 26, 28, 38, 40, 41, 66 - JLN-LX3;GSM 850 / 900 / 1800 / 1900;HSDPA 850 / 900 / 1900 / 2100 - JLN-LX1;1, 3, 5, 7, 8, 20, 28, 34, 38, 39, 40, 41 - JLN-LX1;N/A;HSPA, LTE;GSM / HSPA / LTE;Octa-core (4x2.4 GHz Kryo 265 Gold & 4x1.9 GHz Kryo 265 Silver);Qualcomm SM6225 Snapdragon 680 4G (6 nm);Adreno 610;Android 11, EMUI 12, no Google Play Services;N/A;N/A;16 MP, f/2.2, 22mm (wide);1080p@30fps;N/A;No;Yes;N/A;N/A;N/A;N/A;N/A;N/A
11;Huawei;Huawei Mate 10 Pro;https://www.gsmarena.com/huawei_mate_10_pro-8854.php;N/A;N/A;22.5W wired, 58% in 30 min;Li-Po 4000 mAh, non-removable;IP67 dust/water resistant (up to 1m for 30 min);Glass front (Gorilla Glass), glass back, aluminum frame;154.2 x 74.5 x 7.9 mm (6.07 x 2.93 x 0.31 in);Nano-SIMNano-SIM + Nano-SIM;178 g (6.28 oz);4.2, A2DP, aptX HD, LE;Yes;Yes;GPS, GLONASS, BDS;No;USB Type-C 3.1, OTG;Wi-Fi 802.11 a/b/g/n/ac, dual-band, DLNA, Wi-Fi Direct;Corning Gorilla Glass (unspecified version);1080 x 2160 pixels, 18:9 ratio (~402 ppi density);6.0 inches, 92.9 cm2 (~80.9% screen-to-body ratio);OLED, HDR10;N/A;Fingerprint (rear-mounted), accelerometer, gyro, proximity, barometer, compass;2017, October. Released 2017, November;Discontinued;"12 MP, f/1.6, 27mm (wide), 1/2.9"", 1.25µm, PDAF, OIS
20 MP B/W, f/1.6, 27mm (wide), 1/2.7""";Laser AF, Leica optics, dual-LED dual-tone flash, panorama, HDR;N/A;N/A;N/A;4K@30fps, 1080p@30/60fps;UFS 2.1;No;64GB 4GB RAM, 128GB 6GB RAM;Midnight Blue, Titanium Gray, Mocha Brown, Pink Gold;BLA-L29, BLA-L09, BLA-AL00, BLA-A09, BLA-TL00;About 450 EUR;N/A;GSM 850 / 900 / 1800 / 1900 - SIM 1 & SIM 2 (dual-SIM model only);HSDPA 800 / 850 / 900 / 1700(AWS) / 1900 / 2100;1, 2, 3, 4, 5, 6, 7, 8, 9, 12, 17, 18, 19, 20, 26, 28, 32, 34, 38, 39, 40;N/A;HSPA 42.2/5.76 Mbps, LTE (3CA) Cat18 1200/150 Mbps;GSM / HSPA / LTE;Octa-core (4x2.4 GHz Cortex-A73 & 4x1.8 GHz Cortex-A53);Kirin 970 (10 nm);Mali-G72 MP12;Android 8.0 (Oreo), upgradable to Android 10, EMUI 10.2;N/A;N/A;"8 MP, f/2.0, 26mm (wide), 1/3.2"", 1.4µm, AF";1080p@30fps;32-bit/384kHz audio;No;Yes, with stereo speakers;Noise -93.5dB / Crosstalk -93.4dB;Endurance rating 96h;Photo / Video;Contrast ratio: Infinity (nominal), 4.096 (sunlight);Voice 70dB / Noise 73dB / Ring 84dB;"GeekBench: 6783 (v4.4)
GFXBench: 21fps (ES 3.1 onscreen)"
12;Huawei;Huawei P40 lite;https://www.gsmarena.com/huawei_p40_lite-9996.php;N/A;N/A;40W wired, 70% in 30 min;Li-Po 4200 mAh, non-removable;N/A;Glass front, plastic back, plastic frame;159.2 x 76.3 x 8.7 mm (6.27 x 3.00 x 0.34 in);Nano-SIM + Nano-SIM;183 g (6.46 oz);5.0, A2DP, LE;N/A;Yes (market/region dependent): JNY-L21A, JNY-L01A, JNY-L21B;GPS, GLONASS, GALILEO, BDS, QZSS;FM radio;USB Type-C 2.0, OTG;Wi-Fi 802.11 a/b/g/n/ac, dual-band, Wi-Fi Direct;N/A;1080 x 2310 pixels (~398 ppi density);6.4 inches, 101.4 cm2 (~83.5% screen-to-body ratio);IPS LCD;N/A;Fingerprint (side-mounted), accelerometer, proximity, compass;2020, February 27;Available. Released 2020, March 02;N/A;LED flash, HDR, panorama;"48 MP, f/1.8, 26mm (wide), 1/2.0"", 0.8µm, PDAF
8 MP, f/2.4, (ultrawide)
2 MP, f/2.4, (macro)
2 MP, f/2.4, (depth)";N/A;N/A;1080p@30fps;UFS 2.1;Nano Memory (uses shared SIM slot);128GB 6GB RAM, 128GB 8GB RAM;Black, Emerald Green, Light Pink/Blue, Skyline Gray;JNY-L21A, JNY-L01A, JNY-L21B, JNY-L22A, JNY-L02A, JNY-L22B, JNY-LX1;About 170 EUR;1, 2, 3, 4, 5, 7, 8, 18, 19, 28, 34, 38, 39, 40, 41 - JNY-L22A, JNY-L02A, JNY-L22B;GSM 850 / 900 / 1800 / 1900;HSDPA 800 / 850 / 900 / 1700(AWS) / 2100;1, 2, 3, 4, 5, 7, 8, 18, 19, 20, 28, 34, 38, 39, 40, 41 - JNY-L21A, JNY-L01A, JNY-L21B;N/A;HSPA 42.2/5.76 Mbps, LTE (2CA) Cat13 400/75 Mbps;GSM / HSPA / LTE;Octa-core (2x2.27 GHz Cortex-A76 & 6x1.88 GHz Cortex-A55);Kirin 810 (7 nm);Mali-G52 MP6;Android 10, EMUI 10, no Google Play Services;N/A;HDR;"16 MP, f/2.0, (wide), 1/3.06"", 1.0µm";1080p@30fps;N/A;Yes;Yes;N/A;Endurance rating 121h;Photo / Video;1085:1 contrast ratio, 515 nits max brightness (measured);-27.0 LUFS (Good);"AnTuTu: 325777 (v8)
GeekBench: 7846 (v4.4), 1862 (v5.1)
GFXBench: 18fps (ES 3.1 onscreen)"
13;Huawei;Huawei nova 7i;https://www.gsmarena.com/huawei_nova_7i-10058.php;N/A;N/A;40W wired, 70% in 30 min;Li-Po 4200 mAh;N/A;Glass front, plastic back, plastic frame;159.2 x 76.3 x 8.7 mm (6.27 x 3.00 x 0.34 in);Nano-SIMNano-SIM + Nano-SIM;183 g (6.46 oz);5.1, A2DP, LE;N/A;No;GPS, GLONASS, GALILEO, BDS, QZSS;FM radio (market/region dependent);USB Type-C 2.0, OTG;Wi-Fi 802.11 a/b/g/n/ac, dual-band, Wi-Fi Direct;N/A;1080 x 2310 pixels (~398 ppi density);6.4 inches, 101.4 cm2 (~83.5% screen-to-body ratio);IPS LCD;N/A;Fingerprint (side-mounted), accelerometer, proximity, compass;2020, January 30;Available. Released 2020, February 14;N/A;LED flash, HDR, panorama;"48 MP, f/1.8, 26mm (wide), 1/2.0"", 0.8µm, PDAF
8 MP, f/2.4, (ultrawide)
2 MP, f/2.4, (macro)
2 MP, f/2.4, (depth)";N/A;N/A;1080p@30fps;UFS 2.1;Nano Memory (uses shared SIM slot);128GB 8GB RAM;Midnight Black, Crush Green, Sakura Pink;JNY-L22B, JNY-L21A, JNY-L01A, JNY-L21B, JNY-L22A, JNY-L02A, JNY-LX2;About 240 EUR;1, 2, 3, 4, 5, 7, 8, 18, 19, 28, 34, 38, 39, 40, 41 - JNY-L22A, JNY-L02A, JNY-L22B;GSM 850 / 900 / 1800 / 1900;HSDPA 800 / 850 / 900 / 1700(AWS) / 2100;1, 2, 3, 4, 5, 7, 8, 18, 19, 20, 28, 34, 38, 39, 40, 41 - JNY-L21A, JNY-L01A, JNY-L21B;N/A;HSPA 42.2/5.76 Mbps, LTE (2CA) Cat13 400/75 Mbps;GSM / CDMA / HSPA / LTE;Octa-core (2x2.27 GHz Cortex-A76 & 6x1.88 GHz Cortex-A55);Kirin 810 (7 nm);Mali-G52 MP6;Android 10, EMUI 10, no Google Play Services;N/A;HDR;"16 MP, f/2.0, (wide), 1/3.06"", 1.0µm";1080p@30fps;N/A;Yes;Yes;N/A;N/A;N/A;N/A;N/A;N/A
14;Huawei;Huawei Mate 20;https://www.gsmarena.com/huawei_mate_20-9367.php;N/A;N/A;22.5W wired, 58% in 30 min;Li-Po 4000 mAh, non-removable;"IP53 dust protected and water resistant
(vertical water sprays)";Glass front, glass back, aluminum frame;158.2 x 77.2 x 8.3 mm (6.23 x 3.04 x 0.33 in);Nano-SIMNano-SIM + Nano-SIM;188 g (6.63 oz);5.0, A2DP, aptX HD, LE;Yes;Yes;GPS (L1+L5), GLONASS (L1), BDS (B1), GALILEO (E1+E5a), QZSS (L1+L5);FM radio;USB Type-C 3.1, OTG;Wi-Fi 802.11 a/b/g/n/ac, dual-band, DLNA, Wi-Fi Direct;N/A;1080 x 2244 pixels, 18.7:9 ratio (~381 ppi density);6.53 inches, 107.5 cm2 (~88.0% screen-to-body ratio);IPS LCD, HDR10;N/A;Fingerprint (rear-mounted), accelerometer, gyro, proximity, barometer, compass;2018, October. Released 2018, November;Discontinued;N/A;Laser AF, Leica optics, dual-LED dual-tone flash, panorama, HDR;N/A;N/A;"12 MP, f/1.8, 27mm (wide), 1/2.3"", PDAF
8 MP, f/2.4, 54mm (telephoto), PDAF, 2x optical zoom
16 MP, f/2.2, 17mm (ultrawide)";4K@30fps, 1080p@60fps, 1080p@30fps (gyro-EIS), 720p@960fps;UFS 2.1;Nano Memory (uses shared SIM slot);64GB 6GB RAM, 128GB 4GB RAM, 128GB 6GB RAM;Midnight Blue, Twilight, Black, Emerald Green, Pink Gold;HMA-L29, HMA-L09, HMA-LX9, HMA-AL00, HMA-TL00;About 460 EUR;N/A;GSM 850 / 900 / 1800 / 1900;HSDPA 800 / 850 / 900 / 1700(AWS) / 1900 / 2100;1, 2, 3, 4, 5, 6, 7, 8, 9, 12, 17, 18, 19, 20, 26, 28, 32, 34, 38, 39, 40;N/A;HSPA 42.2/5.76 Mbps, LTE Cat21 1400/200 Mbps;GSM / HSPA / LTE;Octa-core (2x2.6 GHz Cortex-A76 & 2x1.92 GHz Cortex-A76 & 4x1.8 GHz Cortex-A55);Kirin 980 (7 nm);Mali-G76 MP10;Android 9.0 (Pie), EMUI 9.1;N/A;HDR;"24 MP, f/2.0, 26mm (wide), 1/2.8"", 0.9µm";1080p@30fps;32-bit/384kHz audio;Yes;Yes, with stereo speakers;Noise -92.1dB / Crosstalk -85.6dB;Endurance rating 92h;Photo / Video;Contrast ratio: 1415:1 (nominal), 3.052 (sunlight);Voice 74dB / Noise 70dB / Ring 82dB;"AnTuTu: 273913 (v7)
GeekBench: 9793 (v4.4)
GFXBench: 28fps (ES 3.1 onscreen)"
15;Huawei;Huawei P20 lite;https://www.gsmarena.com/huawei_p20_lite-9098.php;N/A;N/A;18W wired;Li-Po 3000 mAh, non-removable;N/A;Glass front, glass back, aluminum frame;148.6 x 71.2 x 7.4 mm (5.85 x 2.80 x 0.29 in);Nano-SIMNano-SIM + Nano-SIM;145 g (5.11 oz);4.2, A2DP, LE, EDR, aptX HD;N/A;Yes (LX1 only);GPS, GLONASS, BDS;FM radio;USB Type-C 2.0, OTG;Wi-Fi 802.11 b/g/n (LX2/LX3) or a/b/g/n/ac (LX1/LX2J), Wi-Fi Direct;N/A;1080 x 2280 pixels, 19:9 ratio (~432 ppi density);5.84 inches, 85.1 cm2 (~80.5% screen-to-body ratio);IPS LCD;N/A;Fingerprint (rear-mounted), accelerometer, gyro (except LX2, AL00), proximity, compass;2018, March 20. Released 2018, March 26;Discontinued;"16 MP, f/2.2, 1/3.1"", 1.0µm, PDAF
2 MP, (depth)";LED flash, HDR, panorama;N/A;N/A;N/A;1080p@30fps;eMMC 5.1;microSDXC (uses shared SIM slot);32GB 3GB RAM, 32GB 4GB RAM, 64GB 4GB RAM, 128GB 4GB RAM;Klein Blue, Sakura Pink, Midnight Black;NE-TL00, ANE-LX1, ANE-LX2, ANE-LX3, ANE-LX2J, ANE-AL00, ANE-L23, ANE-L22, ANE-L21, HWV32, ANE-TL00, ANY-LX2;About 240 EUR;N/A;GSM 850 / 900 / 1800 / 1900;HSDPA 850 / 900 / 1900 / 2100;1, 3, 7, 8, 20;N/A;HSPA 42.2/5.76 Mbps, LTE (2CA) Cat6 300/50 Mbps;GSM / HSPA / LTE;Octa-core (4x2.36 GHz Cortex-A53 & 4x1.7 GHz Cortex-A53);Kirin 659 (16 nm);Mali-T830 MP2;Android 8.0 (Oreo), upgradable to Android 9.0 (Pie), EMUI 9.0;N/A;N/A;"16 MP, f/2.0, 28mm (wide), 1/2.8"", 1.12µm
24 MP, f/2.0, 26mm (wide), 1/2.8"", 0.9µm (AL00 for India; TL00 for China)";1080p@30fps;N/A;Yes;Yes;Noise -87.9dB / Crosstalk -82.1dB;Endurance rating 77h;Photo / Video;Contrast ratio: 1785:1 (nominal), 2.952 (sunlight);Voice 66dB / Noise 71dB / Ring 84dB;"AnTuTu: 87431 (v7)
GeekBench: 3756 (v4.4)
GFXBench: 2.8fps (ES 3.1 onscreen)"
16;Huawei;Huawei P40;https://www.gsmarena.com/huawei_p40-10153.php;N/A;N/A;22.5W wired;Li-Po 3800 mAh;"IP53 dust protected and water resistant
(vertical water sprays)";Glass front, glass back, aluminum frame;148.9 x 71.1 x 8.5 mm (5.86 x 2.80 x 0.33 in);Nano-SIM + eSIMNano-SIM + Nano-SIM;175 g (6.17 oz);5.1, A2DP, LE;N/A;Yes;GPS (L1+L5), GLONASS (L1), BDS (B1I+B1c+B2a), GALILEO (E1+E5a), QZSS (L1+L5), NavIC;No;USB Type-C 3.1, OTG;Wi-Fi 802.11 a/b/g/n/ac/6, dual-band, Wi-Fi Direct;N/A;1080 x 2340 pixels, 19.5:9 ratio (~422 ppi density);6.1 inches, 91.3 cm2 (~86.3% screen-to-body ratio);OLED;N/A;Infrared Face ID, fingerprint (under display, optical), accelerometer, gyro, proximity, compass;2020, March 26;Available. Released 2020, April 07;N/A;Leica optics, color spectrum sensor, LED flash, panorama, HDR;N/A;N/A;"50 MP, f/1.9, 23mm (wide), 1/1.28"", 1.22µm, multi-directional PDAF, OIS
8 MP, f/2.4, 80mm (telephoto), PDAF, OIS, 3x optical zoom
16 MP, f/2.2, 17mm (ultrawide), AF";"4K@30/60fps, 1080p@30/60fps, 720p@960fps; gyro-EIS";UFS 3.0;Nano Memory (uses shared SIM slot);128GB 6GB RAM, 128GB 8GB RAM, 256GB 8GB RAM;Silver Frost, Blush Gold, Deep Sea Blue, Ice White, Black;ANA-AN00, ANA-TN00, ANA-NX9, ANA-LX4;About 520 EUR;N/A;GSM 850 / 900 / 1800 / 1900;HSDPA 800 / 850 / 900 / 1700(AWS) / 1900 / 2100;1, 2, 3, 4, 5, 6, 7, 8, 9, 12, 17, 18, 19, 20, 26, 28, 32, 34, 38, 39, 40, 41;1, 3, 28, 38, 41, 77, 78, 79 SA/NSA;HSPA, LTE, 5G;GSM / HSPA / LTE / 5G;Octa-core (2x2.86 GHz Cortex-A76 & 2x2.36 GHz Cortex-A76 & 4x1.95 GHz Cortex-A55);Kirin 990 5G (7 nm+);Mali-G76 MP16;Android 10, EMUI 12, no Google Play Services;N/A;HDR;"32 MP, f/2.0, 26mm (wide), 1/2.8"", 0.8µm
IR TOF 3D, (biometrics sensor only)";4K@30/60fps, 1080p@30/60fps;N/A;No;Yes;N/A;Endurance rating 89h;Photo / Video;589 nits max brightness (measured);-28.9 LUFS (Average);"AnTuTu: 486583 (v8)
GeekBench: 12619 (v4.4), 3148 (v5.1)
GFXBench: 37fps (ES 3.1 onscreen)"
17;Huawei;Huawei P30 lite;https://www.gsmarena.com/huawei_p30_lite-9545.php;N/A;N/A;18W wired;Li-Po 3340 mAh, non-removable;N/A;Glass front, glass back, plastic frame;152.9 x 72.7 x 7.4 mm (6.02 x 2.86 x 0.29 in);Nano-SIMNano-SIM + Nano-SIM;159 g (5.61 oz);4.2, A2DP, LE, aptX HD;N/A;Yes - MAR-L21MEA, MAR-LX1M only;GPS, GLONASS, BDS;FM radio (market dependent);USB Type-C 2.0, OTG;Wi-Fi 802.11 a/b/g/n/ac, dual-band, Wi-Fi Direct;N/A;1080 x 2312 pixels, 19.3:9 ratio (~415 ppi density);6.15 inches, 93.6 cm2 (~84.2% screen-to-body ratio);IPS LCD;N/A;Fingerprint (rear-mounted), accelerometer, gyro, proximity, compass;2019, March 27. Released 2019, April 25;Discontinued;N/A;LED flash, HDR, panorama;N/A;N/A;"48 MP, f/1.8, 27mm (wide), 1/2.0"", 0.8µm, PDAF
8 MP, 17mm (ultrawide)
2 MP, f/2.4, (depth)
or
24 MP, f/1.8, (wide), PDAF
8 MP, 17mm (ultrawide)
2 MP, f/2.4, (depth)";1080p@30fps (gyro-EIS);eMMC 5.1;microSDXC (uses shared SIM slot);64GB 4GB RAM, 128GB 4GB RAM, 128GB 6GB RAM, 128GB 8GB RAM, 256GB 4GB RAM, 256GB 6GB RAM;Peacock Blue, Midnight Black, Pearl White;MAR-LX1M, MAR-AL00, MAR-TL00, MAR-LX2, Marie-L21A, Marie-L01A, Marie-L21MEA, Marie-L22A, MAR-LX1A, MAR-LX3A, MAR-LX2J, MAR-LX1B, MAR-LX3Bm, MAR-LX3Am;About 420 EUR;1, 2, 3, 4, 5, 7, 8, 12, 17, 28, 66 - Canada;GSM 850 / 900 / 1800 / 1900;HSDPA 850 / 900 / 1700(AWS) / 1900 / 2100 - Europe, Canada;1, 3, 4, 7, 8, 20, 38 - Europe;N/A;HSPA 42.2/5.76 Mbps, LTE (2CA) Cat6 400/50 Mbps;GSM / HSPA / LTE;Octa-core (4x2.2 GHz Cortex-A73 & 4x1.7 GHz Cortex-A53);Kirin 710 (12 nm);Mali-G51 MP4;Android 9.0 (Pie), upgradable to Android 10, EMUI 10.0;N/A;Panorama;"24 MP, f/2.0, 26mm (wide), 1/2.8"", 0.9µm
or
32 MP, f/2.0, 26mm (wide), 1/2.8"", 0.8µm";1080p@30fps;N/A;Yes;Yes;Noise -94.4dB / Crosstalk -71.2dB;Endurance rating 94h;Photo / Video;1231:1 contrast ratio, 501 nits max brightness (measured);Voice 71dB / Noise 73dB / Ring 83dB;"AnTuTu: 141600 (v7)
GeekBench: 5549 (v4.4)
GFXBench: 6.9fps (ES 3.1 onscreen)"
18;Huawei;Huawei nova 8i;https://www.gsmarena.com/huawei_nova_8i-11002.php;N/A;N/A;66W wired, 60% in 17 min, 100% in 38 min;Li-Po 4300 mAh;N/A;N/A;161.9 x 74.7 x 8.6 mm (6.37 x 2.94 x 0.34 in);Nano-SIM + Nano-SIM;190 g (6.70 oz);5.0, A2DP, LE;N/A;No;GPS, GLONASS, GALILEO, BDS;No;USB Type-C 2.0;Wi-Fi 802.11 a/b/g/n/ac, dual-band, Wi-Fi Direct;N/A;1080 x 2376 pixels (~391 ppi density);6.67 inches, 108.1 cm2 (~89.4% screen-to-body ratio);IPS LCD;N/A;Fingerprint (side-mounted), accelerometer, gyro, proximity, compass;2021, July 07;Available. Released 2021, July 22;N/A;LED flash, Panorama, HDR;"64 MP, f/1.9, 26mm (wide), PDAF
8 MP, f/2.4, 120˚, 17mm (ultrawide)
2 MP, f/2.4, (macro)
2 MP, f/2.4, (depth)";N/A;N/A;1080p@30fps;N/A;No;128GB 6GB RAM, 128GB 8GB RAM;Moonlight Silver, Interstellar Blue, Starry Black;NEN-L22, NEN-LX1, NEN-LX3;About 200 EUR;N/A;GSM 850 / 900 / 1800 / 1900;HSDPA 850 / 900 / 2100;1, 3, 5, 7, 8, 20, 28, 38, 40, 41;N/A;HSPA, LTE;GSM / HSPA / LTE;Octa-core (4x2.0 GHz Kryo 260 Gold & 4x1.8 GHz Kryo 260 Silver);Qualcomm SM6115 Snapdragon 662 (11 nm);Adreno 610;Android 10, EMUI 11, no Google Play Services;N/A;HDR;16 MP, f/2.0, (wide);1080p@30fps;N/A;Yes;Yes;N/A;N/A;N/A;N/A;N/A;N/A
19;Huawei;Huawei P30 Pro;https://www.gsmarena.com/huawei_p30_pro-9635.php;N/A;N/A;"40W wired, 70% in 30 min
15W wireless
2.5W reverse wireless";Li-Po 4200 mAh, non-removable;IP68 dust tight and water resistant (immersible up to 2m for 30 min);Glass front (Aluminosilicate glass), glass back (Aluminosilicate glass), aluminum frame;158 x 73.4 x 8.4 mm (6.22 x 2.89 x 0.33 in);Nano-SIMNano-SIM + Nano-SIM;192 g (6.77 oz);5.0, A2DP, aptX HD, LE;Yes;Yes;GPS (L1+L5), GLONASS (L1), BDS (B1), GALILEO (E1+E5a), QZSS (L1+L5);No;USB Type-C 3.1;Wi-Fi 802.11 a/b/g/n/ac, dual-band, Wi-Fi Direct;N/A;1080 x 2340 pixels, 19.5:9 ratio (~398 ppi density);6.47 inches, 102.8 cm2 (~88.6% screen-to-body ratio);OLED, HDR10;N/A;Fingerprint (under display, optical), accelerometer, gyro, proximity, compass;2019, March 26. Released 2019, March 26;Discontinued;N/A;Leica optics, color spectrum sensor, dual-LED dual-tone flash, panorama, HDR;N/A;N/A;"40 MP, f/1.6, 27mm (wide), 1/1.7"", PDAF, OIS
8 MP, f/3.4, 125mm (periscope telephoto), 1/4.0"", PDAF, OIS, 5x optical zoom
20 MP, f/2.2, 16mm (ultrawide), 1/2.7"", PDAF
TOF 3D, (depth)";4K@30fps, 1080p@60fps, 1080p@30fps (gyro-EIS), 720p@960fps;UFS 2.1;Nano Memory (uses shared SIM slot);128GB 6GB RAM, 128GB 8GB RAM, 256GB 8GB RAM, 512GB 8GB RAM;Aurora, Amber Sunrise, Breathing Crystal, Black, Pearl White, Misty Lavender, Mystic Blue;VOG-L29, VOG-L09, VOG-AL00, VOG-TL00, VOG-L04, VOG-AL10, HW-02L;About 670 EUR;1, 2, 3, 4, 5, 6, 7, 8, 9, 12, 17, 18, 19, 20, 26, 28, 34, 38, 39, 40, 66;GSM 850 / 900 / 1800 / 1900;HSDPA 800 / 850 / 900 / 1700(AWS) / 1900 / 2100;1, 2, 3, 4, 5, 6, 7, 8, 9, 12, 17, 18, 19, 20, 26, 28, 32, 34, 38, 39, 40;N/A;HSPA 42.2/5.76 Mbps, LTE Cat21 1400/200 Mbps;GSM / HSPA / LTE;Octa-core (2x2.6 GHz Cortex-A76 & 2x1.92 GHz Cortex-A76 & 4x1.8 GHz Cortex-A55);Kirin 980 (7 nm);Mali-G76 MP10;Android 9.0 (Pie), upgradable to Android 10, EMUI 10;N/A;HDR;"32 MP, f/2.0, 26mm (wide), 1/2.8"", 0.8µm";1080p@30fps;32-bit/384kHz audio;No;Yes;Noise -90.5dB / Crosstalk -93.0dB;Endurance rating 100h;Photo / Video;Contrast ratio: Infinite (nominal), 5.119 (sunlight);-28.1 LUFS (Average);"AnTuTu: 316156 (v7), 401208 (v8)
GeekBench: 10014 (v4.4), 2521 (v5.1)
GFXBench: 29fps (ES 3.1 onscreen)"
20;Huawei;Huawei nova Y72;https://www.gsmarena.com/huawei_nova_y72-12807.php;N/A;N/A;22.5W wired;6000 mAh;N/A;N/A;168.3 x 77.7 x 8.9 mm (6.63 x 3.06 x 0.35 in);Nano-SIM + Nano-SIM;207 g (7.30 oz);5.1, A2DP, LE;N/A;Yes (market/region dependent);GPS, GLONASS, GALILEO, BDS, QZSS;No;USB Type-C 2.0, OTG;Wi-Fi 802.11 a/b/g/n/ac, dual-band;N/A;720 x 1600 pixels, 20:9 ratio (~260 ppi density);6.75 inches, 110.0 cm2 (~84.1% screen-to-body ratio);TFT LCD;N/A;Fingerprint (side-mounted), accelerometer, proximity, compass;2024, January 26;Available. Released 2024, February;"50 MP, f/1.8, (wide), AF
2 MP, f/2.4, (macro)";LED flash, HDR, panorama;N/A;N/A;N/A;1080p@30fps;N/A;No;128GB 8GB RAM, 256GB 8GB RAM;Black, Green;MGA-LX3;About 240 EUR;N/A;GSM 850 / 900 / 1800 / 1900;HSDPA 800 / 850 / 900 / 2100;1, 3, 5, 7, 8, 20, 28, 18, 19, 34, 38, 39, 40, 41;N/A;HSPA, LTE;GSM / HSPA / LTE;Octa-core (4x2.0 GHz Cortex-A73 & 4x1.7 GHz Cortex-A53);Kirin 710A (14 nm);Mali-G51 MP4;Android 12, EMUI 14, no Google Play Services;N/A;N/A;8 MP, f/2.0, (wide);1080p@30fps;N/A;No;Yes;N/A;N/A;N/A;N/A;N/A;N/A
21;Huawei;Huawei Y7a;https://www.gsmarena.com/huawei_y7a-10546.php;N/A;N/A;22.5W wired, 46% in 30 min;Li-Po 5000 mAh;N/A;N/A;165.7 x 76.9 x 9.3 mm (6.52 x 3.03 x 0.37 in);Nano-SIM + Nano-SIM;206 g (7.27 oz);5.1, A2DP, LE;N/A;No;GPS, GLONASS, BDS;FM radio;USB Type-C 2.0, OTG;Wi-Fi 802.11 b/g/n, Wi-Fi Direct;N/A;1080 x 2400 pixels, 20:9 ratio (~395 ppi density);6.67 inches, 107.4 cm2 (~84.3% screen-to-body ratio);IPS LCD;N/A;Fingerprint (side-mounted), accelerometer, proximity;2020, October 21;Available. Released 2020, October 30;N/A;LED flash, HDR, panorama;"48 MP, f/1.8, 26mm (wide), 1/2.0"", 0.8µm, PDAF
8 MP, f/2.4, 120˚ (ultrawide), 1/4.0"", 1.12µm
2 MP, f/2.4, (macro)
2 MP, f/2.4, (depth)";N/A;N/A;1080p@30/60fps;N/A;microSDXC (dedicated slot);64GB 4GB RAM, 128GB 4GB RAM;Crush Green, Blush Gold, Midnight Black;PPA-LX3;About 160 EUR;N/A;GSM 900 / 1800 / 1900;HSDPA 850 / 900 / 1900 / 2100;1, 3, 5, 7, 8, 20, 28, 38, 40, 41;N/A;HSPA, LTE;GSM / HSPA / LTE;Octa-core (4x2.0 GHz Cortex-A73 & 4x1.7 GHz Cortex-A53);Kirin 710A (14 nm);Mali-G51 MP4;Android 10, EMUI 10.1, no Google Play Services;N/A;HDR;8 MP, f/2.0, (wide);1080p@30fps;N/A;Yes;Yes;N/A;N/A;N/A;N/A;N/A;N/A
22;Huawei;Huawei Y6 (2019);https://www.gsmarena.com/huawei_y6_(2019)-9620.php;N/A;N/A;N/A;Li-Ion 3020 mAh, non-removable;N/A;Glass front, plastic back, plastic frame;156.3 x 73.5 x 8 mm (6.15 x 2.89 x 0.31 in);Nano-SIM + Nano-SIM;150 g (5.29 oz);4.2, A2DP, LE;N/A;No;GPS, GLONASS, BDS;FM Radio, built-in antenna;microUSB 2.0;Wi-Fi 802.11 b/g/n, Wi-Fi Direct;N/A;720 x 1560 pixels, 19.5:9 ratio (~282 ppi density);6.09 inches, 91.0 cm2 (~79.2% screen-to-body ratio);IPS LCD;N/A;Fingerprint (rear-mounted), accelerometer, proximity;2019, March 02. Released 2019, March 02;Discontinued;N/A;LED flash, HDR, panorama;N/A;13 MP, f/1.8, PDAF;N/A;1080p@30fps;eMMC 5.1;microSDXC (dedicated slot);32GB 2GB RAM;Midnight Black, Sapphire Blue, Amber Brown;MRD-LX1F, MRD-LX1, MRD-LX3, MRD-LX1N;About 130 EUR;N/A;GSM 850 / 900 / 1800 / 1900;HSDPA 850 / 900 / 1900 / 2100;1, 3, 7, 8, 20;N/A;HSPA 42.2/5.76 Mbps, LTE (2CA) Cat6 300/50 Mbps;GSM / HSPA / LTE;Quad-core 2.0 GHz Cortex-A53;Mediatek MT6761 Helio A22 (12 nm);PowerVR GE8320;Android 9.0 (Pie), EMUI 9.1;N/A;LED flash;8 MP, f/2.0;1080p@30fps;N/A;Yes;Yes;N/A;N/A;N/A;N/A;N/A;N/A
23;Huawei;Huawei P20;https://www.gsmarena.com/huawei_p20-9107.php;N/A;N/A;22.5W wired;Li-Po 3400 mAh, non-removable;Water-repellent coating;Glass front, glass back, aluminum frame;149.1 x 70.8 x 7.7 mm (5.87 x 2.79 x 0.30 in);Nano-SIMNano-SIM + Nano-SIM;165 g (5.82 oz);4.2, A2DP, LE, EDR, aptX HD;N/A;Yes;GPS, GLONASS, GALILEO;No;USB Type-C 3.1;Wi-Fi 802.11 a/b/g/n/ac, dual-band, Wi-Fi Direct;N/A;1080 x 2240 pixels, 18.7:9 ratio (~429 ppi density);5.8 inches, 84.9 cm2 (~80.4% screen-to-body ratio);IPS LCD;N/A;Fingerprint (front-mounted), accelerometer, gyro, proximity, compass;2018, March 27. Released 2018, April 06;Discontinued;"12 MP, f/1.8, 27mm (wide), 1/2.3"", 1.55µm, PDAF, OIS
20 MP B/W, f/1.6, 27mm (wide), 1/2.7"", PDAF";Laser AF, color spectrum sensor, Leica optics, LED flash, HDR, panorama;N/A;N/A;N/A;4K@30fps, 1080p@60fps, 1080p@30fps (gyro-EIS), 720p@960fps;UFS 2.1;No;64GB 4GB RAM, 64GB 6GB RAM, 128GB 4GB RAM, 128GB 6GB RAM;Twilight, Black, Midnight Blue, Pink Gold;EML-L29C, EML-L09C, EML-AL00 EML-TL00, EML-L29, EML-L09, EML-AL00, EML-TL00;About 330 EUR;N/A;GSM 850 / 900 / 1800 / 1900;HSDPA 850 / 900 / 1900 / 2100;1, 3, 7, 8, 20;N/A;HSPA 42.2/5.76 Mbps, LTE (3CA) Cat16 1024/150 Mbps;GSM / HSPA / LTE;Octa-core (4x2.4 GHz Cortex-A73 & 4x1.8 GHz Cortex-A53);Kirin 970 (10 nm);Mali-G72 MP12;Android 8.1 (Oreo), upgradable to Android 9.0 (Pie), EMUI 9.1;N/A;N/A;"24 MP, f/2.0, 26mm (wide), 1/2.8"", 0.9µm";1080p@30fps;32-bit/384kHz audio;No;Yes;Noise -92.4dB / Crosstalk -92.7dB;Endurance rating 75h;Photo / Video;Contrast ratio: 1445:1 (nominal), 3.683 (sunlight);Voice 66dB / Noise 69dB / Ring 90dB;"AnTuTu: 207016 (v7)
GeekBench: 6739 (v4.4)
GFXBench: 23fps (ES 3.1 onscreen)"
24;Huawei;Huawei Mate 20 Pro;https://www.gsmarena.com/huawei_mate_20_pro-9343.php;N/A;N/A;"40W wired, 70% in 30 min
15W wireless
2.5W reverse wireless";Li-Po 4200 mAh, non-removable;IP68 dust tight and water resistant (immersible up to 2m for 30 min);Glass front (Gorilla Glass 5), glass back (Gorilla Glass 5), aluminum frame;157.8 x 72.3 x 8.6 mm (6.21 x 2.85 x 0.34 in);Nano-SIMNano-SIM + Nano-SIM;189 g (6.67 oz);5.0, A2DP, aptX HD, LE;Yes;Yes;GPS (L1+L5), GLONASS (L1), BDS (B1), GALILEO (E1+E5a), QZSS (L1+L5);No;USB Type-C 3.1, OTG;Wi-Fi 802.11 a/b/g/n/ac, dual-band, DLNA, Wi-Fi Direct;Corning Gorilla Glass 5;1440 x 3120 pixels, 19.5:9 ratio (~538 ppi density);6.39 inches, 100.2 cm2 (~87.9% screen-to-body ratio);OLED, HDR10;N/A;Face ID, fingerprint (under display, optical), accelerometer, gyro, proximity, barometer, compass;2018, October 16. Released 2018, October 31;Discontinued;N/A;Laser AF, Leica optics, dual-LED dual-tone flash, panorama, HDR;N/A;N/A;"40 MP, f/1.8, 27mm (wide), 1/1.7"", PDAF
8 MP, f/2.4, 80mm (telephoto), 1/4.0"", PDAF, OIS, 3x optical zoom
20 MP, f/2.2, 16mm (ultrawide), 1/2.7"", PDAF";4K@30fps, 1080p@60fps, 1080p@30fps (gyro-EIS), 720p@960fps;UFS 2.1;Nano Memory (uses shared SIM slot);128GB 6GB RAM, 128GB 8GB RAM, 256GB 8GB RAM;Emerald Green, Midnight Blue, Twilight, Pink Gold, Black;LYA-L09, LYA-L29, LYA-AL00, LYA-AL10, LYA-TL00, LYA-L0C;About 800 EUR;N/A;GSM 850 / 900 / 1800 / 1900;HSDPA 800 / 850 / 900 / 1700(AWS) / 1900 / 2100;1, 2, 3, 4, 5, 6, 7, 8, 9, 12, 17, 18, 19, 20, 26, 28, 32, 34, 38, 39, 40;N/A;HSPA 42.2/5.76 Mbps, LTE Cat21 1400/200 Mbps;GSM / HSPA / LTE;Octa-core (2x2.6 GHz Cortex-A76 & 2x1.92 GHz Cortex-A76 & 4x1.8 GHz Cortex-A55);Kirin 980 (7 nm);Mali-G76 MP10;Android 9.0 (Pie), EMUI 9.1;N/A;HDR;"24 MP, f/2.0, 26mm (wide), 1/2.8"", 0.9µm";1080p@30fps;32-bit/384kHz audio;No;Yes, with stereo speakers;Noise -87.7dB / Crosstalk -87.8dB;Endurance rating 85h;Photo / Video;Contrast ratio: 254000:1 (nominal), 4.965 (sunlight);-28.9 LUFS (Average);"AnTuTu: 273913 (v7), 391046 (v8)
GeekBench: 9712 (v4.4)
GFXBench: 17fps (ES 3.1 onscreen)"
25;Huawei;Huawei Y9s;https://www.gsmarena.com/huawei_y9s-9956.php;N/A;N/A;10W wired;Li-Po 4000 mAh, non-removable;N/A;Glass front, glass back, aluminum frame;163.1 x 77.2 x 8.8 mm (6.42 x 3.04 x 0.35 in);Nano-SIM + Nano-SIM;206 g (7.27 oz);4.2, A2DP, LE;N/A;No;GPS, GLONASS, BDS;FM radio;USB Type-C 2.0;Wi-Fi 802.11 b/g/n, Wi-Fi Direct;N/A;1080 x 2340 pixels, 19.5:9 ratio (~391 ppi density);6.59 inches, 106.6 cm2 (~84.7% screen-to-body ratio);IPS LCD;N/A;Fingerprint (side-mounted), accelerometer, gyro, proximity, compass;2019, November 08. Released 2019, November 08;Discontinued;N/A;LED flash, HDR, panorama;N/A;N/A;"48 MP, f/1.8, (wide), 1/2.0"", 0.8µm, PDAF
8 MP, f/2.4, 13mm (ultrawide)
2 MP, f/2.4, (depth)";1080p@30fps;UFS 2.1;microSDXC (uses shared SIM slot);128GB 6GB RAM;Midnight Black, Breathing Crystal, Phantom Purple;STK-L21, STK-LX3, STK-L22;About 220 EUR;N/A;GSM 850 / 900 / 1800 / 1900;HSDPA 850 / 900 / 1900 / 2100;1, 3, 5, 7, 8, 28, 38, 40, 41 - International;N/A;HSPA, LTE;GSM / HSPA / LTE;Octa-core (4x2.2 GHz Cortex-A73 & 4x1.7 GHz Cortex-A53);Kirin 710F (12 nm);Mali-G51 MP4;Android 9.0 (Pie), EMUI 9.1;N/A;HDR;Motorized pop-up 16 MP, f/2.2;1080p@60fps;N/A;Yes;Yes;N/A;N/A;N/A;N/A;N/A;N/A
26;Huawei;Huawei P20 Pro;https://www.gsmarena.com/huawei_p20_pro-9106.php;N/A;N/A;22.5W wired, 58% in 30 min;Li-Po 4000 mAh, non-removable;IP67 dust/water resistant (up to 1m for 30 min);Glass front (Gorilla Glass 5), glass back, aluminum frame;155 x 73.9 x 7.8 mm (6.10 x 2.91 x 0.31 in);Nano-SIMNano-SIM + Nano-SIM;180 g (6.35 oz);4.2, A2DP, LE, EDR, aptX HD;Yes;Yes;GPS, GLONASS, GALILEO;No;USB Type-C 3.1;Wi-Fi 802.11 a/b/g/n/ac, dual-band, Wi-Fi Direct;Corning Gorilla Glass 5;1080 x 2240 pixels, 18.7:9 ratio (~408 ppi density);6.1 inches, 93.9 cm2 (~82.0% screen-to-body ratio);OLED;N/A;Fingerprint (front-mounted), accelerometer, gyro, proximity, compass;2018, March 27. Released 2018, April 06;Discontinued;N/A;Laser AF, color spectrum sensor, Leica optics, LED flash, HDR, panorama;N/A;N/A;"40 MP, f/1.8, 27mm (wide), 1/1.7"", PDAF, OIS
8 MP, f/2.4, 80mm (telephoto), 1/4.0"", PDAF, OIS, 3x optical zoom
20 MP B/W, f/1.6, 27mm (wide), 1/2.7""";4K@30fps, 1080p@60fps, 1080p@30fps (gyro-EIS), 720p@960fps;UFS 2.1;No;64GB 6GB RAM, 128GB 6GB RAM, 128GB 8GB RAM, 256GB 6GB RAM, 256GB 8GB RAM;Black, Gold;CLT-L29C, CLT-L29, CLT-L09C, CLT-L09, CLT-AL00, CLT-AL01, CLT-TL01, CLT-AL00L, CLT-L04, HW-01K, CLT-L0J;About 410 EUR;N/A;GSM 850 / 900 / 1800 / 1900;HSDPA 850 / 900 / 1900 / 2100;1, 2, 3, 4, 5, 6, 7, 8, 9, 12, 17, 18, 19, 20, 26, 28, 32, 34, 38, 39, 40;N/A;HSPA 42.2/5.76 Mbps, LTE (3CA) Cat16 1024/150 Mbps;GSM / HSPA / LTE;Octa-core (4x2.4 GHz Cortex-A73 & 4x1.8 GHz Cortex-A53);Kirin 970 (10 nm);Mali-G72 MP12;Android 8.1 (Oreo), upgradable to Android 10, EMUI 12;N/A;Leica optics;"24 MP, f/2.0, 26mm (wide), 1/2.8"", 0.9µm";1080p@30fps;32-bit/384kHz audio;No;Yes, with stereo speakers;Noise -92.1dB / Crosstalk -92.1dB;Endurance rating 89h;Photo / Video;Contrast ratio: Infinite (nominal), 4.087 (sunlight);Voice 71dB / Noise 69dB / Ring 91dB;"AnTuTu: 209884 (v7)
GeekBench: 6679 (v4.4)
GFXBench: 21fps (ES 3.1 onscreen)"
27;Huawei;Huawei Mate 40 Pro;https://www.gsmarena.com/huawei_mate_40_pro-10528.php;N/A;N/A;"66W wired
50W wireless
5W reverse wireless";Li-Po 4400 mAh;IP68 dust tight and water resistant (immersible up to 1.5m for 30 min);Glass front, glass back or eco leather back, aluminum frame;162.9 x 75.5 x 9.1 mm (Glass) / 9.5mm (Leather);Nano-SIM + eSIMNano-SIM + Nano-SIM;212 g (7.48 oz);5.2, A2DP, LE;Yes;Yes;GPS (L1+L5), GLONASS (L1), BDS (B1I+B1c+B2a+B2b), GALILEO (E1+E5a+E5b), QZSS (L1+L5), NavIC;No;USB Type-C 3.1, OTG;Wi-Fi 802.11 a/b/g/n/ac/6, dual-band, Wi-Fi Direct;N/A;1344 x 2772 pixels, 18.5:9 ratio (~456 ppi density);6.76 inches, 115.7 cm2 (~94.1% screen-to-body ratio);OLED, HDR10, 90Hz;N/A;Face ID, fingerprint (under display, optical), accelerometer, gyro, proximity, barometer, compass;2020, October 22;Available. Released 2020, November 01;N/A;Laser AF, color spectrum sensor, Leica optics, LED flash, panorama, HDR;N/A;N/A;"50 MP, f/1.9, 23mm (wide), 1/1.28"", 1.22µm, multi-directional PDAF
12 MP, f/3.4, 125mm (periscope telephoto), PDAF, OIS, 5x optical zoom
20 MP, f/1.8, 18mm (ultrawide), PDAF";4K@30/60fps, 1080p@30/60/120/240/480fps, 720p@960fps, 720p@3840fps, HDR, gyro-EIS;UFS 3.1;Nano Memory (uses shared SIM slot);128GB 8GB RAM, 256GB 8GB RAM, 512GB 8GB RAM;Mystic Silver, White, Black, Green, Yellow;NOH-NX9, NOH-AN00, NOH-AN01;About 790 EUR;CDMA2000 1xEV-DO;GSM 850 / 900 / 1800 / 1900;HSDPA 800 / 850 / 900 / 1700(AWS) / 1900 / 2100;1, 2, 3, 4, 5, 6, 7, 8, 9, 12, 17, 18, 19, 20, 26, 28, 32, 34, 38, 39, 40, 41, 42;1, 3, 5, 7, 8, 28, 38, 40, 41, 77, 78, 79, 80, 84 SA/NSA/Sub6;HSPA, LTE, 5G;GSM / CDMA / HSPA / EVDO / LTE / 5G;Octa-core (1x3.13 GHz Cortex-A77 & 3x2.54 GHz Cortex-A77 & 4x2.05 GHz Cortex-A55);Kirin 9000 5G (5 nm);Mali-G78 MP24;Android 10, EMUI 11, no Google Play Services;N/A;HDR, panorama;"13 MP, f/2.4, 18mm (ultrawide)
TOF 3D, (depth/biometrics sensor)";4K@30/60fps, 1080p@30/60/240fps;32-bit/384kHz audio;No;Yes, with stereo speakers;N/A;Endurance rating 97h;Photo / Video;807 nits max brightness (measured);-24.9 LUFS (Very good);"AnTuTu: 686835 (v8)
GeekBench: 3704 (v5.1)
GFXBench: 43fps (ES 3.1 onscreen)"
28;Huawei;Huawei Nova Y63;https://www.gsmarena.com/huawei_nova_y63_4g-13845.php;N/A;N/A;22.5W wired;6000 mAh;N/A;N/A;168.3 x 77.7 x 8.9 mm (6.63 x 3.06 x 0.35 in);Nano-SIM + Nano-SIM;207 g (7.30 oz);5.0, A2DP, LE;N/A;Yes;GPS, GLONASS, GALILEO, BDS;No;USB Type-C 2.0;Wi-Fi 802.11 a/b/g/n/ac, dual-band;N/A;720 x 1600 pixels, 20:9 ratio (~260 ppi density);6.75 inches, 110.0 cm2 (~84.1% screen-to-body ratio);IPS LCD, 90Hz;N/A;Fingerprint (side-mounted), accelerometer, proximity, compass;2025, May 07;Available. Released 2025, May 12;"50 MP, f/1.8, 26mm (wide), PDAF
2 MP, (macro)";LED flash, HDR, panorama;N/A;N/A;N/A;1080p@30fps;N/A;No;128GB 4GB RAM;Silver, Black;GFY-LX1;About 240 EUR;N/A;GSM 850 / 900 / 1800 / 1900;HSDPA 850 / 900 / 1700(AWS) / 1900 / 2100;1, 2, 3, 4, 5, 7, 8, 13, 18, 19, 20, 26, 28, 34, 38, 39, 40, 41, 66;N/A;HSPA, LTE;GSM / HSPA / LTE;Octa-core (4x2.4 GHz Kryo 265 Gold & 4x1.9 GHz Kryo 265 Silver);Qualcomm SM6225 Snapdragon 680 4G (6 nm);Adreno 610;Android 12, EMUI 14.2, no Google Play Services;N/A;N/A;8 MP, f/2.0, (wide);1080p@30fps;N/A;No;Yes;N/A;N/A;N/A;N/A;N/A;N/A
29;Huawei;Huawei Mate 30 Pro;https://www.gsmarena.com/huawei_mate_30_pro-9885.php;N/A;N/A;"40W wired
27W wireless
Reverse wireless";Li-Po 4500 mAh, non-removable;IP68 dust tight and water resistant (immersible up to 2m for 30 min);Glass front (Gorilla Glass 6), glass back (Gorilla Glass 6), aluminum frame;158.1 x 73.1 x 8.8 mm (6.22 x 2.88 x 0.35 in);Nano-SIMNano-SIM + Nano-SIM;198 g (6.98 oz);5.1, A2DP, aptX HD, LE;Yes;Yes;GPS (L1+L5), GLONASS (L1), BDS (B1), GALILEO (E1+E5a), QZSS (L1+L5);No;USB Type-C 3.1, OTG;Wi-Fi 802.11 a/b/g/n/ac, dual-band, DLNA, Wi-Fi Direct;Corning Gorilla Glass 6;1176 x 2400 pixels, 18.5:9 ratio (~409 ppi density);6.53 inches, 108.7 cm2 (~94.1% screen-to-body ratio);OLED, HDR10;N/A;Face ID, fingerprint (under display, optical), accelerometer, gyro, proximity, barometer, compass;2019, September 19. Released 2019, September 26;Discontinued;N/A;Leica optics, dual-LED dual-tone flash, panorama, HDR;N/A;N/A;"40 MP, f/1.6, 27mm (wide), 1/1.7"", PDAF, OIS
8 MP, f/2.4, 80mm (telephoto), 1/4.0"", PDAF, OIS, 3x optical zoom
40 MP, f/1.8, 18mm (ultrawide), 1/1.54"", PDAF
TOF 3D, (depth)";4K@30/60fps, 1080p@30/60/120fps, 1080p@960fps, 720p@7680fps, gyro-EIS;UFS 3.0;Nano Memory (uses shared SIM slot);128GB 8GB RAM, 256GB 8GB RAM;Black, Space Silver, Cosmic Purple, Emerald Green;LIO-L09, LIO-L29, LIO-AL00, LIO-TL00;About 1290 EUR;1, 2, 3, 4, 5, 6, 7, 8, 9, 12, 17, 18, 19, 20, 26, 34, 38, 39, 40, 41 - China;GSM 850 / 900 / 1800 / 1900;HSDPA 800 / 850 / 900 / 1700(AWS) / 1900 / 2100;1, 2, 3, 4, 5, 6, 7, 8, 9, 12, 17, 18, 19, 20, 26, 28, 32, 34, 38, 39, 40, 41 - Global;N/A;HSPA, LTE;GSM / HSPA / LTE;Octa-core (2x2.86 GHz Cortex-A76 & 2x2.09 GHz Cortex-A76 & 4x1.86 GHz Cortex-A55);Kirin 990 (7 nm);Mali-G76 MP16;Android 10, EMUI 11, no Google Play Services;N/A;HDR, panorama;"32 MP, f/2.0, 26mm (wide), 1/2.8"", 0.8µm
TOF 3D, (depth/biometrics sensor)";1080p@30fps;32-bit/384kHz audio;No;Yes;N/A;Endurance rating 103h;Photo / Video;686 nits max brightness (measured);-29.3 LUFS (Average);"AnTuTu: 378950 (v7), 484529 (v8)
GeekBench: 11936 (v4.4), 3038 (v5.1)
GFXBench: 34fps (ES 3.1 onscreen)"
30;Huawei;Huawei Y6p;https://www.gsmarena.com/huawei_y6p-10222.php;N/A;N/A;"10W wired
Reverse wired";Li-Po 5000 mAh;N/A;Glass front, plastic back, plastic frame;159.1 x 74.1 x 9 mm (6.26 x 2.92 x 0.35 in);Nano-SIMNano-SIM + Nano-SIM;185 g (6.53 oz);5.0, A2DP, LE;N/A;"Yes (market/region dependent)MED-LX9N (Yes); MED-LX9 (No)";GPS, GLONASS, BDS;"FM radio; built-in antenna";microUSB 2.0, OTG;Wi-Fi 802.11 b/g/n, Wi-Fi Direct;N/A;720 x 1600 pixels, 20:9 ratio (~278 ppi density);6.3 inches, 95.8 cm2 (~81.3% screen-to-body ratio);IPS LCD;N/A;Fingerprint (rear-mounted), accelerometer, proximity;2020, May 05;Available. Released 2020, May 06;N/A;LED flash, HDR, panorama;N/A;N/A;"13 MP, f/1.8, (wide), PDAF
5 MP, f/2.2, 120˚ (ultrawide)
2 MP, f/2.4, (depth)";1080p@30fps;eMMC 5.1;microSDXC (dedicated slot);32GB 3GB RAM, 64GB 3GB RAM, 64GB 4GB RAM;Phantom Purple, Emerald Green, Midnight Black;MED-LX9, MED-LX9N;About 160 EUR;N/A;GSM 850 / 900 / 1800 / 1900;HSDPA 850 / 900 / 1700(AWS) / 1900 / 2100;1, 2, 3, 4, 5, 7, 8, 20, 28, 34, 38, 39, 40, 41;N/A;HSPA 42.2/5.76 Mbps, LTE Cat4 150/50 Mbps;GSM / HSPA / LTE;Octa-core (4x2.0 GHz Cortex-A53 & 4x1.5 GHz Cortex-A53);Mediatek MT6762R Helio P22 (12 nm);PowerVR GE8320;Android 10, EMUI 10.1, no Google Play Services;N/A;HDR;8 MP, f/2.0, (wide);1080p@30fps;N/A;Yes;Yes;N/A;N/A;N/A;N/A;N/A;N/A
