No;Brand;Phone Name;Product URL;Estimated_Price;Popularity_Fans;Battery_Charging;Battery_Type;Body_;Body_Build;Body_Dimensions;Body_SIM;Body_Weight;Comms_Bluetooth;Comms_Infraredport;Comms_NFC;Comms_Positioning;Comms_Radio;Comms_USB;Comms_WLAN;Display_;Display_Protection;Display_Resolution;Display_Size;Display_Type;Features_;Features_Sensors;Launch_Announced;Launch_Status;MainCamera_Dual;MainCamera_Features;MainCamera_Quad;MainCamera_Single;MainCamera_Triple;MainCamera_Video;Memory_;Memory_Cardslot;Memory_Internal;Misc_Colors;Misc_Models;Misc_Price;Misc_SAREU;Network_;Network_2Gbands;Network_3Gbands;Network_4Gbands;Network_5Gbands;Network_EDGE;Network_GPRS;Network_Speed;Network_Technology;Platform_CPU;Platform_Chipset;Platform_GPU;Platform_OS;Selfiecamera_Dual;Selfiecamera_Features;Selfiecamera_Single;Selfiecamera_Video;Sound_;Sound_35mmjack;Sound_Loudspeaker;Tests_Audioquality;Tests_Batterynew;Tests_Batteryold;Tests_Camera;Tests_Display;Tests_Loudspeaker;Tests_Performance
1;HONOR;Honor 300 Pro;https://www.gsmarena.com/honor_300_pro-13538.php;N/A;N/A;"100W wired, 59% in 15 min
80W wireless, 39% in 15 min
5W reverse wired
Reverse wireless";Si/C Li-Ion 5300 mAh;IP65 dust tight and water resistant (low pressure water jets);N/A;163.8 x 75.3 x 8.2 mm (6.45 x 2.96 x 0.32 in);Nano-SIM + Nano-SIM;199 g (7.02 oz);5.3, A2DP, LE, aptX HD;Yes;Yes;GPS, GALILEO, GLONASS, QZSS, BDS (B1I+B1c);No;USB Type-C 2.0, OTG;Wi-Fi 802.11 a/b/g/n/ac/6/7, dual-band, Wi-Fi Direct;N/A;N/A;1224 x 2700 pixels (~437 ppi density);6.78 inches, 111.5 cm2 (~90.4% screen-to-body ratio);AMOLED, 1B colors, 120Hz, HDR, 1200 nits (HBM), 4000 nits (peak);N/A;Fingerprint (under display, optical), accelerometer, gyro, compass, ultrasound proximity;2024, December 02;Available. Released 2024, December 07;N/A;LED flash, HDR, panorama;N/A;N/A;"50 MP, f/2.0, (wide), 1/1.56"", 1.0µm, PDAF, OIS
50 MP, f/2.4, (telephoto), PDAF, OIS, 3x optical zoom
12 MP, f/2.2, 112˚ (ultrawide), AF";4K, 1080p, gyro-EIS, OIS;N/A;No;256GB 12GB RAM, 512GB 12GB RAM, 512GB 16GB RAM;Black, White, Green;AMP-AN00;About 480 EUR;N/A;N/A;GSM 850 / 900 / 1800 / 1900;HSDPA 800 / 850 / 900 / 1700(AWS) / 1900 / 2100;LTE;SA/NSA;N/A;N/A;HSPA, LTE, 5G;GSM / HSPA / LTE / 5G;Octa-core (1x3.0 GHz Cortex-X4 & 5x2.95 GHz Cortex-A720 & 2x2.0 GHz Cortex-A520);Qualcomm SM8650-AB Snapdragon 8 Gen 3 (4 nm);Adreno 750;Android 15, MagicOS 9;"50 MP, f/2.1, (wide)
2 MP, f/2.4, (depth)";HDR;N/A;4K, 1080p, gyro-EIS;N/A;No;Yes, with stereo speakers;N/A;N/A;N/A;N/A;N/A;N/A;N/A
2;HONOR;Honor 90 Pro;https://www.gsmarena.com/honor_90_pro-12296.php;N/A;N/A;"90W wired, 3-56% in 15 min
5W reverse wired";Li-Po 5000 mAh;N/A;N/A;163.8 x 74.9 x 8.1 mm (6.45 x 2.95 x 0.32 in);Nano-SIM + Nano-SIM;192 g (6.77 oz);5.2, A2DP, LE, aptX HD;N/A;Yes;GPS, GALILEO, GLONASS, BDS, QZSS;No;USB Type-C 2.0, OTG;Wi-Fi 802.11 a/b/g/n/ac/6, dual-band, Wi-Fi Direct;N/A;N/A;1224 x 2700 pixels (~437 ppi density);6.78 inches, 111.5 cm2 (~90.9% screen-to-body ratio);AMOLED, 1B colors, 120Hz, HDR, 1600 nits (peak);N/A;Fingerprint (under display, optical), accelerometer, gyro, compass, ultrasound proximity;2023, May 29;Available. Released 2023, June 07;N/A;LED flash, HDR, panorama;N/A;N/A;"200 MP, f/1.9, (wide), 1/1.4"", 0.56µm, PDAF
32 MP, f/2.4, (telephoto), PDAF, OIS, 2.5x optical zoom
12 MP, f/2.2, 112˚ (ultrawide), AF";4K@30fps, 1080p@30/60fps, gyro-EIS;N/A;No;256GB 12GB RAM, 256GB 16GB RAM, 512GB 16GB RAM;Midnight Black, Emerald Green, Diamond Silver, Peacock Blue;REP-AN00;About 440 EUR;N/A;CDMA2000 1x;GSM 850 / 900 / 1800 / 1900;HSDPA 800 / 850 / 900 / 1700(AWS) / 1900 / 2100;1, 2, 3, 4, 5, 8, 19, 28, 34, 38, 39, 40, 41;1, 5, 8, 28, 41, 77, 78 SA/NSA;N/A;N/A;HSPA, LTE, 5G;GSM / CDMA / HSPA / CDMA2000 / LTE / 5G;Octa-core (1x3.0 GHz Cortex-X2 & 3x2.5 GHz Cortex-A710 & 4x1.80 GHz Cortex-A510);Qualcomm SM8475 Snapdragon 8+ Gen 1 (4 nm);Adreno 730;Android 13, MagicOS 7.1;"50 MP, f/2.4, 100˚, (ultrawide)
2 MP, f/2.4, (depth)";HDR;N/A;4K@30fps, 1080p@30fps, gyro-EIS;N/A;No;Yes, with stereo speakers;N/A;N/A;N/A;N/A;N/A;N/A;N/A
3;HONOR;Honor 70;https://www.gsmarena.com/honor_70-11575.php;N/A;N/A;"66W wired, 60% in 20 min
5W reverse wired";Li-Po 4800 mAh;N/A;Glass front, plastic frame, plastic back;161.4 x 73.3 x 7.9 mm (6.35 x 2.89 x 0.31 in);Nano-SIM + Nano-SIM;178 g (6.28 oz);5.2, A2DP, LE, aptX HD;N/A;Yes;GPS, GLONASS, BDS;No;USB Type-C 2.0, OTG;Wi-Fi 802.11 a/b/g/n/ac/6, dual-band, Wi-Fi Direct;N/A;N/A;1080 x 2400 pixels, 20:9 ratio (~395 ppi density);6.67 inches, 107.4 cm2 (~90.8% screen-to-body ratio);OLED, 1B colors, 120Hz, HDR10+;N/A;Fingerprint (under display, optical), accelerometer, gyro, proximity, compass;2022, May 30;Available. Released 2022, June 02;N/A;Dual-LED flash, HDR, panorama;N/A;N/A;"54 MP, f/1.9, (wide), 1/1.49"", PDAF
50 MP, f/2.2, 122˚ (ultrawide), AF
2 MP, f/2.4, (depth)";4K@30fps, 1080p@30/60fps, gyro-EIS;N/A;No;128GB 8GB RAM, 256GB 8GB RAM, 256GB 12GB RAM, 512GB 12GB RAM;Midnight Black, Emerald Green, Icelandic Frost, Crystal Silver;FNE-AN00, FNE-NX9;$ 785.00 / € 149.40 / £ 185.00;N/A;1, 5, 8, 28, 41, 77, 78 SA/NSA - China;GSM 850 / 900 / 1800 / 1900;HSDPA 800 / 850 / 900 / 1700(AWS) / 1900 / 2100;1, 2, 3, 4, 5, 7, 8, 12, 13, 17, 18, 19, 20, 25, 26, 28, 32, 34, 38, 39, 40, 41, 66 - International;1, 3, 5, 7, 8, 20, 28, 38, 40, 41, 66, 77, 78 SA/NSA - International;N/A;N/A;HSPA, LTE, 5G;GSM / CDMA / HSPA / CDMA2000 / LTE / 5G;Octa-core (1x2.5 GHz Cortex-A78 & 3x2.4 GHz Cortex-A78 & 4x1.9 GHz Cortex-A55);Qualcomm SM7325-AE Snapdragon 778G+ 5G (6 nm);Adreno 642L;Android 12, Magic UI 6.1;N/A;HDR;32 MP, f/2.4, (wide);1080p@30fps, gyro-EIS;N/A;No;Yes;N/A;N/A;Endurance rating 100h;Photo / Video;790 nits max brightness (measured);-29.4 LUFS (Average);N/A
4;HONOR;Honor Magic V2;https://www.gsmarena.com/honor_magic_v2-12383.php;N/A;N/A;"66W wired
5W reverse wired";Si/C Li-Ion 5000 mAh;Stylus support;Glass front, glass back or eco leather back, magnesium alloy frame, titanium alloy folding mechanism;Unfolded: 156.7 x 145.4 x 4.7 mm or 4.8 mmFolded: 156.7 x 74.1 x 9.9 mm or 10.1 mm;Nano-SIM + eSIMNano-SIM + Nano-SIM;231 g or 237 g (8.15 oz);5.3, A2DP, LE, aptX HD;Yes;Yes;GPS (L1+L5), GLONASS (L1), BDS (B1I+B1c+B2a), GALILEO (E1+E5a), QZSS (L1+L5);No;USB Type-C 3.1, OTG, Display Port 1.2;Wi-Fi 802.11 a/b/g/n/ac/6e/7, dual-band, Wi-Fi Direct;"Cover display:
LTPO OLED, 1B colors, 120Hz, HDR10+, 2500 nits
6.43 inches, 1060 x 2376 pixels, 402 ppi, nanocrystal glass 2.0";N/A;2156 x 2344 pixels (~402 ppi density);7.92 inches, 201.6 cm2 (~88.5% screen-to-body ratio);Foldable LTPO OLED, 1B colors, 120Hz, HDR10+, 1600 nits (peak);N/A;Fingerprint (side-mounted), accelerometer, gyro, proximity, compass;2023, July 12;Available. Released 2023, July 27;N/A;Multi-zone Laser AF (8x8 dToF), color spectrum sensor, LED flash, HDR, panorama;N/A;N/A;"50 MP, f/1.9, (wide), PDAF, OIS
20 MP, f/2.4, 62mm (telephoto), PDAF, 2.5x optical zoom, OIS
50 MP, f/2.0, 13mm (ultrawide), AF";4K@30/60fps (10-bit), 1080p@30/60fps, gyro-EIS, HDR10+, OIS;N/A;No;256GB 16GB RAM, 512GB 16GB RAM, 1TB 16GB RAM;Black, Silk Black, Silk Purple, Gold;VER-AN10, VER-N49;$ 899.00 / € 872.00 / £ 723.48;0.85 W/kg (head)     1.29 W/kg (body);CDMA2000 1x;GSM 850 / 900 / 1800 / 1900;HSDPA 800 / 850 / 900 / 1700(AWS) / 1900 / 2100;1, 2, 3, 4, 5, 7, 8, 12, 17, 18, 19, 20, 26, 28, 34, 38, 39, 40, 41, 66;1, 3, 5, 8, 28, 38, 41, 77, 78 SA/NSA;N/A;N/A;HSPA, LTE, 5G;GSM / CDMA / HSPA / CDMA2000 / LTE / 5G;Octa-core (1x3.19 GHz (INTL) / 1x3.36 GHz (CN) Cortex-X3 & 2x2.8 GHz Cortex-A715 & 2x2.8 GHz Cortex-A710 & 3x2.0 GHz Cortex-A510);Qualcomm SM8550-AB Snapdragon 8 Gen 2 (4 nm) - IntlQualcomm SM8550-AC Snapdragon 8 Gen 2 (4 nm) - China;Adreno 740;Android 13, upgradable to Android 14, MagicOS 8;N/A;HDR;16 MP, f/2.2, (wide);4K@30fps, 1080p@30fps, gyro-EIS;"24-bit/192kHz Hi-Res audio
IMAX Enhanced";No;Yes, with stereo speakers;N/A;Active use score 10:35h;N/A;N/A;933 nits max brightness (measured);-27.4 LUFS (Good);"AnTuTu: 1551239 (v10)
GeekBench: 4959 (v6)
3DMark: 3732 (Wild Life Extreme)"
5;HONOR;Honor X9c;https://www.gsmarena.com/honor_x9c-13490.php;N/A;N/A;"66W wired
Reverse wired";Si/C Li-Ion 6600 mAh;"IP65M dust tight and water resistant (low pressure water jets)
Drop resistant up to 2m";N/A;162.8 x 75.5 x 8 mm (6.41 x 2.97 x 0.31 in);Nano-SIM + Nano-SIM;189 g (6.67 oz);5.1, A2DP, LE;N/A;Yes (market/region dependent);GPS, GLONASS, GALILEO, BDS;No;USB Type-C 2.0, OTG;Wi-Fi 802.11 a/b/g/n/ac, dual-band, Wi-Fi Direct;N/A;N/A;1224 x 2700 pixels (~437 ppi density);6.78 inches, 111.5 cm2 (~90.7% screen-to-body ratio);AMOLED, 1B colors, 120Hz, 3840Hz PWM, 4000 nits (peak);N/A;Fingerprint (under display, optical), accelerometer, gyro, proximity, compass;2024, November 05;Available. Released 2024, November 15;N/A;LED flash, panorama, HDR;N/A;N/A;"108 MP, f/1.8, (wide), 1/1.67"", PDAF, OIS
5 MP, f/2.2, (ultrawide)";4K@30fps, 1080p@30fps;N/A;No;256GB 8GB RAM, 256GB 12GB RAM, 512GB 12GB RAM;Titanium Purple, Titanium Black, Jade Cyan;N/A;$ 599.00 / £ 485.00;N/A;N/A;GSM 850 / 900 / 1800 / 1900;HSDPA 850 / 900 / 1900 / 2100;LTE;SA/NSA;N/A;N/A;HSPA, LTE, 5G;GSM / HSPA / LTE / 5G;Octa-core (4x2.2 GHz Cortex-A78 & 4x1.8 GHz Cortex-A55);Qualcomm SM6450 Snapdragon 6 Gen 1 (4 nm);Adreno 710;Android 14, Magic OS 8;N/A;N/A;16 MP, f/2.5, (wide);1080p@30fps;N/A;No;Yes, with stereo speakers;N/A;N/A;N/A;N/A;N/A;N/A;N/A
6;HONOR;Honor X8c;https://www.gsmarena.com/honor_x8c-13621.php;N/A;N/A;35W wired;Li-Po 5000 mAh;"IP64 dust tight and water resistant (water splashes); (up to 0.25m for 3 min, 0.5m for 1 min)
Drop resistant up to 1.8m";Glass front, plastic frame, plastic back or silicone polymer back (eco leather);161.1 x 74.6 x 7.1 mm (6.34 x 2.94 x 0.28 in);Nano-SIM + Nano-SIM;174 g (6.14 oz);5.0/5.1, A2DP, LE;N/A;Yes (market/region dependent);GPS, GLONASS, GALILEO, BDS;No;USB Type-C 2.0, OTG;Wi-Fi 802.11 a/b/g/n/ac, dual-band, Wi-Fi Direct;N/A;N/A;1080 x 2412 pixels, 20:9 ratio (~394 ppi density);6.7 inches, 108.0 cm2 (~89.9% screen-to-body ratio);AMOLED, 120Hz, 1200 nits (HBM), 2800 nits (peak);N/A;Fingerprint (under display, optical), accelerometer, gyro, compass, proximity (ultrasonic);2025, January 14;Available. Released 2025, January 20;"108 MP, f/1.8, 24mm (wide), 1/1.67"", PDAF, OIS
5 MP, f/2.2, (ultrawide)";LED flash, HDR, panorama;N/A;N/A;N/A;1080p@30fps, gyro-EIS;N/A;No;128GB 6GB RAM, 128GB 8GB RAM, 256GB 8GB RAM, 512GB 8GB RAM;Marrs Green, Midnight Black, Moonlight White, Cloud Purple;ABR-LX1, ABR-LX2, ABR-LX3;€ 229.00 / £ 199.00;N/A;N/A;GSM 850 / 900 / 1800 / 1900;HSDPA 850 / 900 / 1900 / 2100;LTE;N/A;N/A;N/A;HSPA, LTE;GSM / HSPA / LTE;Octa-core (4x2.8 GHz Cortex-A73 & 4x1.9 GHz Cortex-A53);Qualcomm SM6225 Snapdragon 685 (6 nm);Adreno 610;Android 15, MagicOS 9;N/A;N/A;50 MP, f/2.1, (wide);1080p@30fps;N/A;No;Yes;N/A;N/A;N/A;N/A;N/A;N/A;N/A
7;HONOR;Honor X8b;https://www.gsmarena.com/honor_x8b-12748.php;N/A;N/A;35W wired;Li-Po 4500 mAh;N/A;N/A;161.1 x 74.6 x 6.8 mm (6.34 x 2.94 x 0.27 in);Nano-SIM + Nano-SIM;166 g (5.86 oz);5.0, A2DP, LE;N/A;No;GPS, GLONASS, GALILEO, BDS;No;USB Type-C 2.0, OTG;Wi-Fi 802.11 a/b/g/n/ac, dual-band, Wi-Fi Direct;N/A;N/A;1080 x 2412 pixels, 20:9 ratio (~394 ppi density);6.7 inches, 108.0 cm2 (~89.9% screen-to-body ratio);AMOLED, 90Hz, 1200 nits (HBM), 2000 nits (peak);Virtual proximity sensing;Fingerprint (side-mounted), accelerometer, compass;2023, December 14;Available. Released 2023, December 22;N/A;LED flash, HDR, panorama;N/A;N/A;"108 MP, f/1.8, 24mm (wide), 1/1.67"", PDAF
5 MP, f/2.2, (ultrawide)
2 MP, f/2.4, (macro)";1080p@30fps;N/A;No;128GB 8GB RAM, 256GB 6GB RAM, 256GB 8GB RAM, 512GB 8GB RAM;Glamorous Green, Titanium Silver, Midnight Black, Blue;LLY-LX1, LLY-LX2, LLY-LX3;$ 187.40 / € 188.46;N/A;N/A;GSM 850 / 900 / 1800 / 1900;HSDPA 850 / 900 / 1900 / 2100;LTE;N/A;N/A;N/A;HSPA, LTE;GSM / HSPA / LTE;Octa-core (4x2.4 GHz Kryo 265 Gold & 4x1.9 GHz Kryo 265 Silver);Qualcomm SM6225 Snapdragon 680 4G (6 nm);Adreno 610;Android 13, MagicOS 7.2;N/A;LED flash;50 MP, f/2.1, (wide);1080p@30fps;N/A;No;Yes;N/A;N/A;N/A;N/A;N/A;N/A;N/A
8;HONOR;Honor X5;https://www.gsmarena.com/honor_x5-12093.php;N/A;N/A;N/A;Li-Po 5000 mAh;N/A;Glass front, plastic back, plastic frame;164 x 75.6 x 8.9 mm (6.46 x 2.98 x 0.35 in);Nano-SIM + Nano-SIM;193 g (6.81 oz);5.1, A2DP, LE;N/A;No;GPS, GLONASS, GALILEO, BDS;Unspecified;microUSB 2.0, OTG;Wi-Fi 802.11 b/g/n, Wi-Fi Direct;N/A;N/A;720 x 1600 pixels, 20:9 ratio (~270 ppi density);6.5 inches, 102.0 cm2 (~82.3% screen-to-body ratio);TFT LCD;N/A;Accelerometer, proximity;2023, January 24;Available. Released 2023, February 14;N/A;LED flash;N/A;8 MP, f/2.0, (wide), AF;N/A;1080p@30fps;N/A;microSDXC;32GB 2GB RAM;Sunrise Orange, Ocean Blue, Midnight Black;VNA-LX2, VNA-LX3;About 90 EUR;N/A;N/A;GSM 850 / 900 / 1800 / 1900;HSDPA 850 / 900 / 2100;LTE;N/A;N/A;N/A;HSPA, LTE;GSM / HSPA / LTE;Octa-core (4x2.0 GHz Cortex-A53 & 4x1.5 GHz Cortex-A53);Mediatek MT6762 Helio G25 (12 nm);PowerVR GE8320;Android 12 (Go edition);N/A;N/A;5 MP, f/2.2, (wide);1080p@30fps;N/A;Yes;Yes;N/A;N/A;N/A;N/A;N/A;N/A;N/A
9;HONOR;Honor X5 Plus;https://www.gsmarena.com/honor_x5_plus-12645.php;N/A;N/A;10W wired;Li-Po 5200 mAh;N/A;N/A;163.3 x 75.1 x 8.4 mm (6.43 x 2.96 x 0.33 in);Nano-SIM + Nano-SIM;188 g (6.63 oz);5.1, A2DP, LE, aptX HD;N/A;Yes (market/region dependent);GPS, GLONASS, GALILEO, BDS;Unspecified;USB Type-C 2.0, OTG;Wi-Fi 802.11 a/b/g/n/ac, dual-band, Wi-Fi Direct;N/A;N/A;720 x 1612 pixels, 20:9 ratio (~269 ppi density);6.56 inches, 103.4 cm2 (~84.3% screen-to-body ratio);TFT LCD, 90Hz;N/A;Fingerprint (side-mounted), accelerometer, proximity;2023, August 16;Available. Released 2023, August;"50 MP, f/1.8, (wide), PDAF
2 MP, f/2.4, (depth)";LED flash, HDR, panorama;N/A;N/A;N/A;1080p@30fps;N/A;microSDXC;64GB 4GB RAM, 128GB 4GB RAM;Cyan Lake, Midnight Black;WOD-LX1, WOD-LX2, WOD-LX3;About 100 EUR;N/A;N/A;GSM 850 / 900 / 1800 / 1900;HSDPA 850 / 900 / 1900 / 2100;LTE;N/A;N/A;N/A;HSPA, LTE;GSM / HSPA / LTE;Octa-core (4x2.2 GHz Cortex-A53 & 4x1.6 GHz Cortex-A53);Mediatek Helio G36 (12 nm);PowerVR GE8320;Android 13, MagicOS 7.1;N/A;N/A;5 MP, f/2.2, (wide);1080p@30fps;N/A;Yes;Yes;N/A;N/A;N/A;N/A;N/A;N/A;N/A
10;HONOR;Honor X6b;https://www.gsmarena.com/honor_x6b-13143.php;N/A;N/A;35W wired, 31% in 20 min;Li-Po 5200 mAh;N/A;N/A;163.6 x 75.3 x 8.4 mm (6.44 x 2.96 x 0.33 in);Nano-SIM + Nano-SIM;192 g (6.77 oz);5.1, A2DP, LE, aptX HD;N/A;Yes (JDY-LX1 only);GPS, GLONASS, GALILEO, BDS;No;USB Type-C 2.0, OTG;Wi-Fi 802.11 a/b/g/n/ac, dual-band, Wi-Fi Direct;N/A;N/A;720 x 1612 pixels, 20:9 ratio (~269 ppi density);6.56 inches, 103.4 cm2 (~83.9% screen-to-body ratio);TFT LCD, 90Hz, 780 nits (peak);N/A;Fingerprint (side-mounted), accelerometer, proximity;2024, June 13;Available. Released 2024, June;"50 MP, f/1.8, (wide), PDAF
2 MP, f/2.4, (depth)";LED flash, HDR, panorama;N/A;N/A;N/A;1080p@30fps;N/A;microSDXC;128GB 4GB RAM, 128GB 6GB RAM, 128GB 8GB RAM, 256GB 4GB RAM, 256GB 6GB RAM, 256GB 8GB RAM;Forest Green, Starry Purple, Ocean Cyan, Midnight Black;JDY-LX1, JDY-LX2;$ 339.00 / € 99.00 / £ 79.99;N/A;N/A;GSM 850 / 900 / 1800 / 1900;HSDPA 850 / 900 / 1900 / 2100;LTE;N/A;N/A;N/A;HSPA, LTE;GSM / HSPA / LTE;Octa-core (2x2.0 GHz Cortex-A75 & 6x1.8 GHz Cortex-A55);Mediatek Helio G85 (12 nm);Mali-G52 MC2;Android 14, Magic OS 8;N/A;N/A;5 MP, f/2.2, (wide);1080p@30fps;N/A;Yes;Yes;N/A;N/A;N/A;N/A;N/A;N/A;N/A
11;HONOR;Honor 10 Lite;https://www.gsmarena.com/honor_10_lite-9403.php;N/A;N/A;10W wired;Li-Po 3400 mAh, non-removable;N/A;Glass front, plastic back, plastic frame;154.8 x 73.6 x 8 mm (6.09 x 2.90 x 0.31 in);Nano-SIMNano-SIM + Nano-SIM;162 g (5.71 oz);4.2, A2DP, LE;N/A;Yes (market dependent);GPS, GLONASS, BDS;FM radio;microUSB 2.0, OTG;Wi-Fi 802.11 b/g/n, Wi-Fi Direct - GlobalWi-Fi 802.11 a/b/g/n/ac, dual-band, Wi-Fi Direct - China;N/A;N/A;1080 x 2340 pixels, 19.5:9 ratio (~415 ppi density);6.21 inches, 94.7 cm2 (~83.1% screen-to-body ratio);IPS LCD;N/A;Fingerprint (rear-mounted), accelerometer, proximity, compass;2018, November. Released 2018, November;Discontinued;"13 MP, f/1.8, 26mm (wide), PDAF
2 MP, f/2.4, (depth)";LED flash, HDR, panorama;N/A;N/A;N/A;1080p@30/60fps;eMMC 5.1;microSDXC (uses shared SIM slot);32GB 3GB RAM, 64GB 3GB RAM, 64GB 4GB RAM, 64GB 6GB RAM, 128GB 3GB RAM, 128GB 6GB RAM;Midnight Black, Sky Blue, Sapphire Blue, White, Red;HRY-LX1, HRY-LX1MEB, HRY-LX2, HRY-AL00a, HRY-AL00, HRY-TL00;About 180 EUR;N/A;N/A;GSM 900 / 1800 / 1900;HSDPA 850 / 900 / 1900 / 2100;1, 3, 5, 7, 8, 20;N/A;N/A;N/A;HSPA 42.2/5.76 Mbps, LTE Cat4 150/50 Mbps;GSM / HSPA / LTE;Octa-core (4x2.2 GHz Cortex-A73 & 4x1.7 GHz Cortex-A53);Kirin 710 (12 nm);Mali-G51 MP4;Android 9.0 (Pie), EMUI 9.1;N/A;HDR;"24 MP, f/2.0, 26mm (wide), 1/2.8"", 0.9µm";1080p@30fps;N/A;Yes;Yes;Noise -90.2dB / Crosstalk -82.7dB;N/A;Endurance rating 89h;Photo / Video;Contrast ratio: 1282 (nominal), 2.497 (sunlight);Voice 70dB / Noise 73dB / Ring 87dB;N/A
12;HONOR;Honor X9a;https://www.gsmarena.com/honor_x9a-12075.php;N/A;N/A;40W wired;Li-Po 5100 mAh;N/A;N/A;161.6 x 73.9 x 7.9 mm (6.36 x 2.91 x 0.31 in);Nano-SIM + Nano-SIM;175 g (6.17 oz);5.1, A2DP, LE, aptX HD;Yes;Yes;GPS, GLONASS, GALILEO, BDS;No;USB Type-C 2.0, OTG;Wi-Fi 802.11 a/b/g/n/ac, dual-band, Wi-Fi Direct;N/A;N/A;1080 x 2400 pixels, 20:9 ratio (~395 ppi density);6.67 inches, 107.4 cm2 (~89.9% screen-to-body ratio);AMOLED, 1B colors, 120Hz, 800 nits (HBM);N/A;Fingerprint (under display, optical), accelerometer, gyro, proximity, compass;2023, January 04;Available. Released 2023, January 06;"64 MP, f/1.8, (wide), PDAF
5 MP, f/2.2, (ultrawide)
2 MP, f/2.4, (macro)";LED flash, panorama, HDR;N/A;N/A;N/A;1080p@30fps;N/A;No;128GB 6GB RAM, 128GB 8GB RAM, 256GB 8GB RAM;Titanium Silver, Emerald Green, Midnight Black;RMO-NX1;About 400 EUR;N/A;N/A;GSM 850 / 900 / 1800 / 1900;HSDPA 850 / 900 / 1900 / 2100;LTE;SA/NSA;N/A;N/A;HSPA, LTE, 5G;GSM / HSPA / LTE / 5G;Octa-core (2x2.2 GHz Kryo 660 Gold & 6x1.7 GHz Kryo 660 Silver);Qualcomm SM6375 Snapdragon 695 5G (6 nm);Adreno 619;Android 12, upgradable to Android 13, MagicOS 7;N/A;N/A;16 MP, f/2.5, (wide);1080p@30fps;24-bit/192kHz Hi-Res audio;No;Yes;N/A;N/A;N/A;N/A;N/A;N/A;N/A
13;HONOR;Honor GT Pro;https://www.gsmarena.com/honor_gt_pro_5g-13810.php;N/A;N/A;"90W wired
5W reverse wired";Si/C Li-Ion 7200 mAh;"IP68/IP69 dust tight and water resistant (high pressure water jets; immersible up to 1.5m for 30 min)";Glass front (Giant rhino glass), aluminum frame, polymer fiber back;162.1 x 75.7 x 8.6 mm (6.38 x 2.98 x 0.34 in);Nano-SIM + Nano-SIM;212 g (7.48 oz);5.4, A2DP, LE, aptX HD, aptX Adaptive;Yes;Yes;GPS (L1+L5), BDS (B1I+B1c+B2a), GALILEO (E5a+E5b), QZSS (L1+L5), NavIC (L1+L5), GLONASS;No;USB Type-C, OTG;Wi-Fi 802.11 a/b/g/n/ac/6/7, dual-band, Wi-Fi Direct;Ultra HDR image support;Giant rhino glass;1224 x 2800 pixels (~453 ppi density);6.78 inches, 107.9 cm2 (~87.9% screen-to-body ratio);LTPO AMOLED, 1B colors, 144Hz, 4320Hz PWM, HDR Vivid, 1600 nits (HBM), 6000 nits (peak);N/A;Fingerprint (under display, ultrasonic), accelerometer, proximity, gyro, compass;2025, April 23;Available. Released 2025, April 23;N/A;LED flash, HDR, panorama;N/A;N/A;"50 MP, f/2.0, (wide), 1/1.56"", 1.0µm, PDAF, OIS
50 MP, f/2.4, (telephoto), 1/2.0"", 0.8µm, PDAF, OIS, 3x optical zoom
50 MP, f/2.0, 122˚ (ultrawide), AF";4K@24/30/60fps, 1080p@30/60/120/240fps, gyro-EIS, OIS, HDR Vivid;UFS 4.1;No;256GB 12GB RAM, 512GB 12GB RAM, 512GB 16GB RAM, 1TB 16GB RAM;Black, White, Gold;PPG-AN00;About 440 EUR;N/A;N/A;GSM 850 / 900 / 1800 / 1900;HSDPA 800 / 850 / 900 / 1700(AWS) / 1900 / 2100;LTE;SA/NSA;N/A;N/A;HSPA, LTE, 5G;GSM / HSPA / LTE / 5G;Octa-core (2x4.47 GHz Oryon V2 Phoenix L + 6x3.53 GHz Oryon V2 Phoenix M);Qualcomm SM8750-AB Snapdragon 8 Elite (3 nm);Adreno 830;Android 15, MagicOS 9;N/A;HDR;50 MP, f/2.0, 22mm (wide);4K@30/60fps, 1080p@30/60fps, gyro-EIS;N/A;No;Yes, with stereo speakers;N/A;N/A;N/A;N/A;N/A;N/A;N/A
14;HONOR;Honor X7c;https://www.gsmarena.com/honor_x7c-13416.php;N/A;N/A;35W wired;Li-Po 5200/6000 mAh (market/region dependent);IP64 dust tight and water resistant (water splashes);N/A;166.9 x 76.8 x 8.1 mm (6.57 x 3.02 x 0.32 in);Nano-SIM + Nano-SIM;194 g or 196 g (6.84 oz);5.0, A2DP, LE;N/A;Yes (market/region dependent);GPS, GLONASS, GALILEO, BDS;No;USB Type-C 2.0, OTG;Wi-Fi 802.11 a/b/g/n/ac, dual-band, Wi-Fi Direct;N/A;Tempered glass;720 x 1610 pixels, 20:9 ratio (~261 ppi density);6.77 inches, 110.2 cm2 (~86.0% screen-to-body ratio);TFT LCD, 120Hz;N/A;Fingerprint (side-mounted), accelerometer, proximity, compass;2024, October 18;Available. Released 2024, October 18;"108 MP, f/1.8, 24mm (wide), 1/1.67"", 0.64µm, PDAF
2 MP, f/2.4, (depth)";LED flash, HDR;N/A;N/A;N/A;1080p@30fps;N/A;Unspecified;128GB 6GB RAM, 128GB 8GB RAM, 256GB 4GB RAM, 256GB 8GB RAM, 512GB 8GB RAM;Midnight Black, Forest Green, Moonlight White;ALT-LX2;£ 169.00;N/A;N/A;GSM 850 / 900 / 1800 / 1900;HSDPA 850 / 900 / 1900 / 2100;LTE;N/A;N/A;N/A;HSPA, LTE;GSM / HSPA / LTE;Octa-core (4x2.8 GHz Cortex-A73 & 4x1.9 GHz Cortex-A53);Qualcomm SM6225 Snapdragon 685 (6 nm);Adreno 610;Android 14, MagicOS 8;N/A;N/A;8 MP, f/2.0, (wide);1080p@30fps;24-bit/192kHz Hi-Res audio;Yes;Yes, with stereo speakers;N/A;N/A;N/A;N/A;N/A;N/A;N/A
15;HONOR;Honor X6;https://www.gsmarena.com/honor_x6-11894.php;N/A;N/A;10W wired;Li-Po 5000 mAh;N/A;N/A;163.7 x 75.1 x 8.7 mm (6.44 x 2.96 x 0.34 in);Nano-SIM + Nano-SIM;194 g (6.84 oz);5.1, A2DP, LE;N/A;Yes (VNE-LX1 only);GPS, GLONASS, GALILEO, BDS;Unspecified;USB Type-C 2.0, OTG;Wi-Fi 802.11 a/b/g/n/ac, dual-band, Wi-Fi Direct;N/A;N/A;720 x 1600 pixels, 20:9 ratio (~270 ppi density);6.5 inches, 102.0 cm2 (~83.0% screen-to-body ratio);TFT LCD;N/A;Fingerprint (side-mounted), accelerometer, proximity;2022, September 21;Available. Released 2022, September 21;N/A;LED flash, HDR, panorama;N/A;N/A;"50 MP, f/1.8, (wide), PDAF
2 MP, f/2.4, (macro)
2 MP, f/2.4, (depth)";1080p@30fps;N/A;microSDXC;64GB 4GB RAM, 128GB 4GB RAM;Ocean Blue, Titanium Silver, Midnight Black;VNE-LX1, VNE-LX2, VNE-LX3;$ 405.00 / € 99.00 / £ 84.99;N/A;N/A;GSM 850 / 900 / 1800 / 1900;HSDPA 850 / 900 / 1900 / 2100;LTE;N/A;N/A;N/A;HSPA, LTE;GSM / HSPA / LTE;Octa-core (4x2.0 GHz Cortex-A53 & 4x1.5 GHz Cortex-A53);Mediatek MT6762G Helio G25 (12 nm);PowerVR GE8320;Android 12, Magic UI 6.1;N/A;N/A;5 MP, f/2.2, (wide);1080p@30fps;N/A;Yes;Yes;N/A;N/A;N/A;N/A;N/A;N/A;N/A
16;HONOR;Honor Power;https://www.gsmarena.com/honor_power_5g-13794.php;N/A;N/A;"66W wired
5W reverse wired";Si/C Li-Ion 8000 mAh;Manufacturer-rated water-resistant (up to 50cm for 1 min);N/A;163.7 x 76.7 x 8 mm (6.44 x 3.02 x 0.31 in);Nano-SIM + Nano-SIM;209 g (7.37 oz);5.3, A2DP, LE, aptX HD;N/A;Yes;GPS (L1+L5), GLONASS, BDS (B1I+B1c+B2a), GALILEO (E5a+E5b), QZSS (L1+L5), NavIC (L1+L5);No;USB Type-C 2.0, OTG;Wi-Fi 802.11 a/b/g/n/ac/6, dual-band, Wi-Fi Direct;N/A;Scratch/drop-resistant glass;1224 x 2700 pixels (~437 ppi density);6.78 inches, 111.5 cm2 (~88.8% screen-to-body ratio);AMOLED, 1B colors, 120Hz, HDR, 4000 nits (peak);Satellite connectivity support (messaging only) - 512 GB model only;Fingerprint (under display, optical), accelerometer, gyro, compass, proximity (ultrasonic);2025, April 15;Available. Released 2025, April 18;"50 MP, f/2.0, (wide), 1/1.56"", 1.0µm, PDAF, OIS
5 MP, (ultrawide)";LED flash, HDR, panorama;N/A;N/A;N/A;4K@30fps, 1080p@30fps, gyro-EIS;N/A;No;256GB 8GB RAM, 256GB 12GB RAM, 512GB 12GB RAM;Black, White, Gold;DVD-AN00;About 240 EUR;N/A;N/A;GSM 850 / 900 / 1800 / 1900;HSDPA 850 / 900 / 1900 / 2100;LTE;SA/NSA;N/A;N/A;HSPA, LTE, 5G;GSM / HSPA / LTE / 5G;Octa-core (1x2.63 GHz Cortex-A715 & 3x2.4 GHz Cortex-A715 & 4x1.8 GHz Cortex-A510);Qualcomm SM7550-AB Snapdragon 7 Gen 3 (4 nm);Adreno 720;Android 15, MagicOS 9;N/A;N/A;16 MP, f/2.5, (wide);1080p@30fps;N/A;No;Yes, with stereo speakers;N/A;N/A;N/A;N/A;N/A;N/A;N/A
17;HONOR;Honor Magic5 Pro;https://www.gsmarena.com/honor_magic5_pro-12148.php;N/A;N/A;"66W wired
50W wireless
Reverse wireless
5W reverse wired";Li-Po 5100 mAh (Global)Si/C Li-Ion 5450 mAh (China only);IP68 dust tight and water resistant (immersible up to 1.5m for 30 min);Glass front, glass back or eco leather back;162.9 x 76.7 x 8.8 mm (6.41 x 3.02 x 0.35 in);Nano-SIM + eSIMNano-SIM + Nano-SIM + eSIM (max 2 at a time);219 g (7.72 oz);5.2, A2DP, LE, aptX HD;Yes;Yes;GPS (L1+L5), GLONASS (L1), BDS (B1I+B1c+B2a), GALILEO (E1+E5a);No;USB Type-C 3.1, DisplayPort 1.2, OTG;Wi-Fi 802.11 a/b/g/n/ac/6, dual-band, Wi-Fi Direct;N/A;N/A;1312 x 2848 pixels, 19.5:9 ratio (~460 ppi density);6.81 inches, 113.7 cm2 (~91.0% screen-to-body ratio);LTPO OLED, 1B colors, 120Hz, HDR10+, 1800 nits (peak);N/A;Fingerprint (under display, optical), Face ID, accelerometer, gyro, proximity, compass;2023, February 27;Available. Released 2023, March 31;N/A;Laser AF, color spectrum sensor, LED flash, HDR, panorama;N/A;N/A;"50 MP, f/1.6, 23mm (wide), 1/1.12"" 1.4µm, multi-directional PDAF, OIS
50 MP, f/3.0, 90mm (periscope telephoto), PDAF, OIS, 3.5x optical zoom
50 MP, f/2.0, 13mm, 122˚ (ultrawide), 1/2.76"", AF
TOF 3D (depth)";4K@30/60fps, 1080p@30/60fps, gyro-EIS, HDR10, 10-bit video;UFS 4.0;No;256GB 8GB RAM, 256GB 12GB RAM, 512GB 12GB RAM, 512GB 16GB RAM;Black, Meadow Green, Blue, Purple, Orange;PGT-AN10, PGT-N19;$ 1,595.00 / € 367.79 / £ 595.00;N/A;CDMA2000 1xEV-DO;GSM 850 / 900 / 1800 / 1900;HSDPA 800 / 850 / 900 / 1700(AWS) / 1900 / 2100;1, 2, 3, 4, 5, 7, 8, 12, 17, 18, 19, 20, 26, 28, 34, 38, 39, 40, 41 - China;1, 3, 5, 8, 28, 38, 41, 77, 78, 79 SA/NSA - China;N/A;N/A;HSPA, LTE, 5G;GSM / CDMA / HSPA / EVDO / LTE / 5G;Octa-core (1x3.2 GHz Cortex-X3 & 2x2.8 GHz Cortex-A715 & 2x2.8 GHz Cortex-A710 & 3x2.0 GHz Cortex-A510);Qualcomm SM8550-AB Snapdragon 8 Gen 2 (4 nm);Adreno 740;Android 13, upgradable to Android 14, MagicOS 8;N/A;HDR;"12 MP, f/2.4, 100˚ (ultrawide), 1.22µm
TOF 3D, (depth/biometrics sensor)";4K@30fps, 1080p@30/60fps;24-bit audio stereo recording;No;Yes, with stereo speakers;N/A;Active use score 12:06h;Endurance rating 115h;Photo / Video;1227 nits max brightness (measured);-24.2 LUFS (Very good);GeekBench: 4378 (v5.1), 5096 (v6)
18;HONOR;Honor Magic6 Lite;https://www.gsmarena.com/honor_magic6_lite-12730.php;N/A;N/A;"35W wired
Reverse wired";Li-Po 5300 mAh (Europe)Li-Po 5800 mAh (LATAM);"IP53 dust protected and water resistant
(vertical water sprays)";N/A;163.6 x 75.5 x 8 mm (6.44 x 2.97 x 0.31 in);Nano-SIM + Nano-SIM;185 g (6.53 oz);5.1, A2DP, LE;N/A;Yes (market/region dependent);GPS, GLONASS, GALILEO, BDS;No;USB Type-C 2.0, OTG;Wi-Fi 802.11 a/b/g/n/ac, dual-band, Wi-Fi Direct;N/A;N/A;1220 x 2652 pixels, 19.5:9 ratio (~431 ppi density);6.78 inches, 112.6 cm2 (~91.2% screen-to-body ratio);AMOLED, 1B colors, 120Hz, 1200 nits (peak);N/A;Fingerprint (under display, optical), accelerometer, gyro, proximity, compass;2023, December 04;Available. Released 2023, December 27;N/A;LED flash, panorama, HDR;N/A;N/A;"108 MP, f/1.8, (wide), 1/1.67"", PDAF
5 MP, f/2.2, (ultrawide)
2 MP, f/2.4, (macro)";4K@30fps, 1080p@30fps;N/A;No;256GB 8GB RAM, 512GB 8GB RAM;Sunrise Orange, Midnight Black, Emerald Green;ALI-NX3;$ 235.00 / € 171.65 / £ 199.57;N/A;N/A;GSM 850 / 900 / 1800 / 1900;HSDPA 850 / 900 / 1900 / 2100;LTE;SA/NSA;N/A;N/A;HSPA, LTE, 5G;GSM / HSPA / LTE / 5G;Octa-core (4x2.2 GHz Cortex-A78 & 4x1.8 GHz Cortex-A55);Qualcomm SM6450 Snapdragon 6 Gen 1 (4 nm);Adreno 710;Android 13, Magic OS 7.2;N/A;N/A;16 MP, f/2.5, (wide);1080p@30fps;N/A;No;Yes;N/A;Active use score 13:08h;N/A;N/A;N/A;N/A;N/A
19;HONOR;Honor X70i;https://www.gsmarena.com/honor_x70i_5g-13816.php;N/A;N/A;35W wired;Si/C Li-Ion 6000 mAh;IP65 dust tight and water resistant (low pressure water jets);N/A;161 x 74.6 x 7.3 mm (6.34 x 2.94 x 0.29 in);Nano-SIM + Nano-SIM;178.5 g (6.31 oz);5.3, A2DP, LE, aptX HD;N/A;Yes;GPS, GLONASS, GALILEO, BDS;No;USB Type-C 2.0, OTG;Wi-Fi 802.11 a/b/g/n/ac, dual-band, Wi-Fi Direct;N/A;N/A;1080 x 2412 pixels, 20:9 ratio (~394 ppi density);6.7 inches, 108.0 cm2 (~89.9% screen-to-body ratio);AMOLED, 120Hz, 3500 nits (peak);N/A;Fingerprint (under display, optical), accelerometer, compass, proximity (ultrasound);2025, April 25;Available. Released 2025, April 30;N/A;LED flash, HDR, panorama;N/A;"108 MP, f/1.8, (wide), 1/1.67"", PDAF";N/A;1080p@30fps;N/A;No;256GB 8GB RAM, 256GB 12GB RAM, 512GB 12GB RAM;Black, White, Purple, Mint Green;ABR-AN00;About 170 EUR;N/A;N/A;GSM 850 / 900 / 1800 / 1900;HSDPA 850 / 900 / 1900 / 2100;LTE;SA/NSA;N/A;N/A;HSPA, LTE, 5G;GSM / HSPA / LTE / 5G;Octa-core (2x2.5 GHz Cortex-A78 & 6x2.0 GHz Cortex-A55);Mediatek Dimensity 7025 Ultra (6 nm);IMG BXM-8-256;Android 15, MagicOS 9;N/A;N/A;8 MP, f/2.0, (wide);1080p@30fps;N/A;No;Yes, with stereo speakers;N/A;N/A;N/A;N/A;N/A;N/A;N/A
20;HONOR;Honor X60 GT;https://www.gsmarena.com/honor_x60_gt_5g-13807.php;N/A;N/A;"80W wired, 47% in 15 min
5W reverse wired";Si/C Li-Ion 6300 mAh;IP65 dust tight and water resistant (low pressure water jets);N/A;161 x 74.2 x 7.7 mm (6.34 x 2.92 x 0.30 in);Nano-SIM + Nano-SIM;193 g (6.81 oz);5.3, A2DP, LE, aptX HD;Yes;Yes;GPS, GALILEO, GLONASS, BDS, QZSS;No;USB Type-C 2.0, OTG;Wi-Fi 802.11 a/b/g/n/ac/6, dual-band;N/A;Aluminosilicate glass;1200 x 2664 pixels (~436 ppi density);6.7 inches, 108.5 cm2 (~90.8% screen-to-body ratio);AMOLED, 1B colors, 120Hz, HDR, 5000 nits (peak);N/A;Fingerprint (under display, optical), accelerometer, gyro, compass, proximity (ultrasonic);2025, April 22;Available. Released 2025, April 22;"50 MP, f/1.9, (wide), PDAF, OIS
2 MP, f/2.4, (depth), AF";LED flash, HDR, panorama;N/A;N/A;N/A;4K@30fps, 1080p@30fps, gyro-EIS, OIS;N/A;No;256GB 12GB RAM, 512GB 12GB RAM, 512GB 16GB RAM;Silver, Blue, Black;AGI-AN00;About 210 EUR;N/A;CDMA2000 1xEV-DO;GSM 850 / 900 / 1800 / 1900;HSDPA 850 / 900 / 1900 / 2100;LTE;SA/NSA;N/A;N/A;HSPA, LTE, 5G;GSM / CDMA / HSPA / EVDO / LTE / 5G;Octa-core (1x3.2 GHz Cortex-X2 & 3x2.75 GHz Cortex-A710 & 4x2.0 GHz Cortex-A510);Qualcomm SM8475 Snapdragon 8+ Gen 1 (4 nm);Adreno 730;Android 15, MagicOS 9;N/A;N/A;16 MP, f/2.5, (wide);1080p@30fps, gyro-EIS;N/A;No;Yes, with stereo speakers;N/A;N/A;N/A;N/A;N/A;N/A;N/A
21;HONOR;Honor X7b;https://www.gsmarena.com/honor_x7b-12721.php;N/A;N/A;35W wired;Li-Po 5330 mAh (Europe and LATAM)Li-Po 6000 mAh (ROW);N/A;N/A;166.7 x 76.5 x 8.2 mm (6.56 x 3.01 x 0.32 in);Nano-SIM + Nano-SIM;199 g (7.02 oz);5.0, A2DP, LE;N/A;Yes (CLK-LX1 only);GPS, GLONASS, GALILEO, BDS;No;USB Type-C 2.0, OTG;Wi-Fi 802.11 a/b/g/n/ac, dual-band, Wi-Fi Direct;N/A;N/A;1080 x 2412 pixels, 20:9 ratio (~389 ppi density);6.8 inches, 111.3 cm2 (~87.3% screen-to-body ratio);IPS LCD, 90Hz, 850 nits (peak);Virtual proximity sensing;Fingerprint (side-mounted), accelerometer;2023, December 01;Available. Released 2023, December 01;N/A;LED flash, HDR, panorama;N/A;N/A;"108 MP, f/1.8, 24mm (wide), 1/1.67"", 0.64µm, PDAF
5 MP, f/2.2, (ultrawide)
2 MP, f/2.4, (depth)";1080p@30fps;N/A;microSDXC;128GB 6GB RAM, 128GB 8GB RAM, 256GB 6GB RAM, 256GB 8GB RAM, 256GB 12GB RAM;Flowing Silver, Emerald Green, Midnight Black;CLK-LX1, CLK-LX2, CLK-LX3;$ 320.93 / € 99.99 / £ 159.00;N/A;N/A;GSM 850 / 900 / 1800 / 1900;HSDPA 850 / 900 / 1900 / 2100;LTE;N/A;N/A;N/A;HSPA, LTE;GSM / HSPA / LTE;Octa-core (4x2.4 GHz Kryo 265 Gold & 4x1.9 GHz Kryo 265 Silver);Qualcomm SM6225 Snapdragon 680 4G (6 nm);Adreno 610;Android 13, upgradable to Android 14, MagicOS 8;N/A;N/A;8 MP, f/2.0, (wide);1080p@30fps;24-bit/192kHz Hi-Res audio;Yes;Yes, with stereo speakers;N/A;N/A;N/A;N/A;N/A;N/A;N/A
22;HONOR;Huawei Mate 10 Lite;https://www.gsmarena.com/huawei_mate_10_lite-8857.php;N/A;N/A;N/A;Li-Ion 3340 mAh, non-removable;N/A;Glass front, aluminum back, aluminum frame;156.2 x 75.2 x 7.5 mm (6.15 x 2.96 x 0.30 in);Nano-SIMNano-SIM + Nano-SIM;164 g (5.78 oz);4.2, A2DP, LE, aptX;N/A;No;GPS, GLONASS, BDS;FM radio;microUSB 2.0, OTG;Wi-Fi 802.11 b/g/n, Wi-Fi Direct;N/A;N/A;1080 x 2160 pixels, 18:9 ratio (~409 ppi density);5.9 inches, 89.8 cm2 (~76.5% screen-to-body ratio);IPS LCD;N/A;Fingerprint (rear-mounted), accelerometer, proximity, compass;2017, October. Released 2017, November;Discontinued;"16 MP, f/2.2, 27mm (wide), PDAF
2 MP, (depth)";LED flash, panorama, HDR;N/A;N/A;N/A;1080p@30fps;eMMC 5.1;microSDXC (uses shared SIM slot);64GB 4GB RAM;Graphite Black, Prestige Gold, Aurora Blue;RNE-L21, RNE-L22, RNE-L01, RNE-L02, RNE-L11, RNE-L23, RNE-L03, RNE-AL00;About 190 EUR;N/A;1, 3, 7, 8, 20;GSM 850 / 900 / 1800 / 1900 - SIM 1 & SIM 2 (dual-SIM model only);HSDPA 850 / 900 / 2100;1, 3, 5, 7, 8, 28, 38, 40, 41;N/A;N/A;N/A;HSPA 42.2/5.76 Mbps, LTE (2CA) Cat6 300/50 Mbps;GSM / HSPA / LTE;Octa-core (4x2.36 GHz Cortex-A53 & 4x1.7 GHz Cortex-A53);Kirin 659 (16 nm);Mali-T830 MP2;Android 7.0 (Nougat), upgradable to Android 8.0 (Oreo), EMUI 5.1;"13 MP, f/2.0, 26mm (wide)
2 MP, depth sensor";N/A;N/A;1080p@30fps;N/A;Yes;Yes;Noise -89.2dB / Crosstalk -83.8dB;N/A;Endurance rating 76h;Photo / Video;Contrast ratio: 1852:1 (nominal), 2.654 (sunlight);Voice 67dB / Noise 71dB / Ring 84dB;"GeekBench: 3603 (v4.4)
GFXBench: 2.7fps (ES 3.1 onscreen)"
23;HONOR;Honor X7;https://www.gsmarena.com/honor_x7-11452.php;N/A;N/A;22.5W wired;Li-Po 5000 mAh;N/A;Glass front, plastic back, plastic frame;167.6 x 77.2 x 8.6 mm (6.60 x 3.04 x 0.34 in);Nano-SIMNano-SIM + Nano-SIM;198 g (6.98 oz);5.1, A2DP, LE;N/A;Yes (market/region dependent);GPS, BDS;No;USB Type-C 2.0, OTG;Wi-Fi 802.11 a/b/g/n/ac, dual-band, Wi-Fi Direct;N/A;N/A;720 x 1600 pixels, 20:9 ratio (~260 ppi density);6.74 inches, 109.7 cm2 (~84.8% screen-to-body ratio);IPS LCD, 90Hz;Virtual proximity sensing;Fingerprint (side-mounted), accelerometer, compass;2022, March 30;Available. Released 2022, April 14;"48 MP, f/1.8, (wide), PDAF
5 MP, f/2.2, (ultrawide)
2 MP, f/2.4, (macro)
2 MP, f/2.4, (depth)";LED flash, HDR, panorama;N/A;N/A;N/A;1080p@30fps;eMMC 5.1;microSDXC (uses shared SIM slot);128GB 4GB RAM, 128GB 6GB RAM;Ocean Blue, Titanium Silver;CMA-LX2, CMA-LX1, CMA-LX3;$ 439.00 / € 87.55 / £ 119.99;N/A;N/A;GSM 850 / 900 / 1800 / 1900;HSDPA 850 / 900 / 2100;LTE;N/A;N/A;N/A;HSPA, LTE;GSM / HSPA / LTE;Octa-core (4x2.4 GHz Kryo 265 Gold & 4x1.9 GHz Kryo 265 Silver);Qualcomm SM6225 Snapdragon 680 4G (6 nm);Adreno 610;Android 11, Magic UI 4.2;N/A;N/A;8 MP, f/2.0, (wide);1080p@30fps;N/A;Yes;Yes;N/A;N/A;N/A;N/A;N/A;N/A;N/A
24;HONOR;Honor 300 Ultra;https://www.gsmarena.com/honor_300_ultra-13537.php;N/A;N/A;"100W wired, 59% in 15 min
80W wireless, 39% in 15 min
5W reverse wired
Reverse wireless";Si/C Li-Ion 5300 mAh;IP65 dust tight and water resistant (low pressure water jets);Glass front, glass back or silicone polymer back (eco leather);163.8 x 75.3 x 8.2 mm (6.45 x 2.96 x 0.32 in);Nano-SIM + Nano-SIM;198 g (6.98 oz);5.3, A2DP, LE, aptX HD;Yes;Yes;GPS, GALILEO, GLONASS, QZSS, BDS (B1I+B1c);No;USB Type-C 2.0, OTG;Wi-Fi 802.11 a/b/g/n/ac/6/7, dual-band, Wi-Fi Direct;N/A;Giant rhino glass;1224 x 2700 pixels (~437 ppi density);6.78 inches, 111.5 cm2 (~90.4% screen-to-body ratio);AMOLED, 1B colors, 120Hz, HDR, 1200 nits (HBM), 4000 nits (peak);BDS Satellite Messaging;Fingerprint (under display, ultrasonic), accelerometer, gyro, compass, ultrasound proximity;2024, December 02;Available. Released 2024, December 07;N/A;LED flash, HDR, panorama;N/A;N/A;"50 MP, f/2.0, (wide), 1/1.56"", 1.0µm, PDAF, OIS
50 MP, f/3.0, (periscope telephoto), 1/2.51"", 0.7µm, PDAF, OIS, 3.8x optical zoom
12 MP, f/2.2, 112˚ (ultrawide), AF";4K, 1080p, gyro-EIS, OIS;N/A;No;512GB 12GB RAM, 1TB 16GB RAM;Black, White;N/A;About 550 EUR;N/A;N/A;GSM 850 / 900 / 1800 / 1900;HSDPA 800 / 850 / 900 / 1700(AWS) / 1900 / 2100;LTE;SA/NSA;N/A;N/A;HSPA, LTE, 5G;GSM / HSPA / LTE / 5G;Octa-core (1x3.0 GHz Cortex-X4 & 5x2.95 GHz Cortex-A720 & 2x2.0 GHz Cortex-A520);Qualcomm SM8650-AB Snapdragon 8 Gen 3 (4 nm);Adreno 750;Android 15, MagicOS 9;"50 MP, f/2.1, (wide)
2 MP, f/2.4, (depth)";HDR;N/A;4K, 1080p, gyro-EIS;N/A;No;Yes, with stereo speakers;N/A;N/A;N/A;N/A;N/A;N/A;N/A
25;HONOR;Honor X6c;https://www.gsmarena.com/honor_x6c-13938.php;N/A;N/A;35W wired;Li-Po 5300 mAh;"IP64 dust tight and water resistant (water splashes)
Drop resistant up to 1.5m";N/A;164 x 75.6 x 8.4 mm (6.46 x 2.98 x 0.33 in);Nano-SIM + Nano-SIM;199 g (7.02 oz);5.1, A2DP, LE;N/A;Yes (NIC-LX1, NIC-LX2 only);GPS, GLONASS, GALILEO, BDS;No;USB Type-C 2.0, OTG;Wi-Fi 802.11 a/b/g/n/ac, dual-band, Wi-Fi Direct;N/A;N/A;720 x 1604 pixels, 20:9 ratio (~266 ppi density);6.61 inches, 105.3 cm2 (~84.9% screen-to-body ratio);TFT LCD, 120Hz, 1010 nits (peak);N/A;Fingerprint (side-mounted), accelerometer, proximity;2025, June 06;Available. Released 2025, June 06;"50 MP, f/1.8, (wide), PDAF
QVGA, (depth)";LED flash, HDR, panorama;N/A;N/A;N/A;1080p@30fps;N/A;microSDXC (uses shared SIM slot);128GB 6GB RAM, 256GB 6GB RAM, 256GB 8GB RAM;Midnight Black, Ocean Cyan, Moonlight White;NIC-LX1, NIC-LX2, NIC-LX3;About 130 EUR;N/A;N/A;GSM 850 / 900 / 1800 / 1900;HSDPA 850 / 900 / 1900 / 2100;LTE;N/A;N/A;N/A;HSPA, LTE;GSM / HSPA / LTE;Octa-core (2x2.0 GHz Cortex-A75 & 6x1.7 GHz Cortex-A55);Mediatek Helio G81 Ultra (12 nm);Mali-G52 MC2;Android 15, Magic OS 9;N/A;N/A;5 MP, f/2.2, (wide);1080p@30fps;N/A;Yes;Yes;N/A;N/A;N/A;N/A;N/A;N/A;N/A
26;HONOR;Honor 200 Pro;https://www.gsmarena.com/honor_200_pro-13049.php;N/A;N/A;"100W wired, 60% in 15 min, 100% in 41 min
66W wireless, 64% in 30 min
5W reverse wired
Reverse wireless";Si/C Li-Ion 5200 mAh;"IP65 dust tight and water resistant (low pressure water jets) - INT
IP55 dust protected and water resistant (low pressure water jets) - CN";N/A;163.3 x 75.2 x 8.2 mm (6.43 x 2.96 x 0.32 in);Nano-SIM + eSIMNano-SIM + Nano-SIM;199 g (7.02 oz);5.3, A2DP, LE, aptX HD;Yes;Yes;GPS, GALILEO, GLONASS, QZSS, BDS (B1I+B1c);No;USB Type-C 2.0, OTG;Wi-Fi 802.11 a/b/g/n/ac/6, dual-band, Wi-Fi Direct;N/A;N/A;1224 x 2700 pixels (~437 ppi density);6.78 inches, 111.5 cm2 (~90.8% screen-to-body ratio);OLED, 1B colors, 120Hz, 3840Hz PWM, HDR, 4000 nits (peak);Circle to Search;Fingerprint (under display, optical), accelerometer, gyro, compass, ultrasound proximity;2024, May 27;Available. Released 2024, May 31;N/A;LED flash, HDR, panorama;N/A;N/A;"50 MP, f/1.9, (wide), 1/1.3"", 1.2µm, PDAF, OIS
50 MP, f/2.4, (telephoto), PDAF, OIS, 2.5x optical zoom
12 MP, f/2.2, 112˚ (ultrawide), AF";4K@30fps, 1080p@30/60fps, gyro-EIS, OIS;N/A;No;256GB 12GB RAM, 512GB 12GB RAM, 512GB 16GB RAM, 1TB 16GB RAM;Moonlight White, Black, Ocean Cyan, Pink;ELP-AN00, ELP-NX9;$ 889.00 / € 375.96 / ₹ 35,998;N/A;CDMA2000 1x;GSM 850 / 900 / 1800 / 1900;HSDPA 800 / 850 / 900 / 1700(AWS) / 1900 / 2100;LTE;SA/NSA;N/A;N/A;HSPA, LTE, 5G;GSM / CDMA / HSPA / CDMA2000 / LTE / 5G;Octa-core (1x3.0 GHz Cortex-X4 & 4x2.8 GHz Cortex-A720 & 3x2.0 GHz Cortex-A520);Qualcomm SM8635 Snapdragon 8s Gen 3 (4 nm);Adreno 735;Android 14, up to 4 major Android upgrades, MagicOS 8;"50 MP, f/2.1, (wide)
2 MP, f/2.4, (depth)";HDR;N/A;4K@30fps, 1080p@30fps, gyro-EIS;N/A;No;Yes, with stereo speakers;N/A;Active use score 11:08h;N/A;N/A;1110 nits max brightness (measured);-24.7 LUFS (Very good);"AnTuTu: 1281655 (v10)
GeekBench: 4759 (v6)
3DMark: 2955 (Wild Life Extreme)"
27;HONOR;Honor Magic5;https://www.gsmarena.com/honor_magic5-12149.php;N/A;N/A;"66W wired
5W reverse wired";Li-Po 5100 mAh;N/A;Glass front, glass back or eco leather back;161.4 x 75.5 x 7.8 mm (6.35 x 2.97 x 0.31 in);Nano-SIMNano-SIM + Nano-SIM;191 g (6.74 oz);5.2, A2DP, LE, aptX HD;Yes;Yes;GPS (L1+L5), GLONASS (L1), BDS (B1I+B1c+B2a), GALILEO (E1+E5a);No;USB Type-C 2.0, OTG;Wi-Fi 802.11 a/b/g/n/ac/6/7, dual-band, Wi-Fi Direct;N/A;N/A;1224 x 2688 pixels (~439 ppi density);6.73 inches, 110.2 cm2 (~90.4% screen-to-body ratio);OLED, 1B colors, 120Hz, HDR10+, 1600 nits (peak);N/A;Fingerprint (under display, optical), accelerometer, gyro, proximity, compass;2023, February 27;Available. Released 2023, March 31;N/A;Color spectrum sensor, LED flash, HDR, panorama;N/A;N/A;"54 MP, f/1.9, (wide), 1/1.49"", PDAF
32 MP, f/2.4, (telephoto), PDAF, OIS, 2.5x optical zoom
50 MP, f/2.0, 13mm, 122˚ (ultrawide), 1/2.5"", AF";4K@30/60fps, 1080p@30/60fps, gyro-EIS, HDR10, 10-bit video;UFS;No;256GB 8GB RAM, 256GB 12GB RAM, 256GB 16GB RAM, 512GB 16GB RAM;Black, Glacier Blue, Green, Purple, Orange;PGT-AN00, PGT-N09;About 900 EUR;N/A;CDMA2000 1xEV-DO;GSM 850 / 900 / 1800 / 1900;HSDPA 800 / 850 / 900 / 1700(AWS) / 1900 / 2100;1, 2, 3, 4, 5, 7, 8, 12, 17, 18, 19, 20, 26, 28, 34, 38, 39, 40, 41 - China;1, 3, 5, 8, 28, 38, 41, 77, 78 SA/NSA - China;N/A;N/A;HSPA, LTE, 5G;GSM / CDMA / HSPA / EVDO / LTE / 5G;Octa-core (1x3.2 GHz Cortex-X3 & 2x2.8 GHz Cortex-A715 & 2x2.8 GHz Cortex-A710 & 3x2.0 GHz Cortex-A510);Qualcomm SM8550-AB Snapdragon 8 Gen 2 (4 nm);Adreno 740;Android 13, MagicOS 7.1;N/A;HDR;12 MP, f/2.4, 100˚ (ultrawide), 1.22µm;4K@30fps, 1080p@30/60fps;24-bit audio stereo recording;No;Yes, with stereo speakers;N/A;N/A;N/A;N/A;N/A;N/A;N/A
28;HONOR;Honor X7b 5G;https://www.gsmarena.com/honor_x7b_5g-12913.php;N/A;N/A;35W wired;Li-Po 6000 mAh;N/A;N/A;166.7 x 76.5 x 8.2 mm (6.56 x 3.01 x 0.32 in);Nano-SIM + Nano-SIM;199 g (7.02 oz);5.1, A2DP, LE, aptX HD;N/A;No;GPS, GLONASS, GALILEO, BDS;No;USB Type-C 2.0, OTG;Wi-Fi 802.11 a/b/g/n/ac, dual-band, Wi-Fi Direct;N/A;N/A;1080 x 2412 pixels, 20:9 ratio (~389 ppi density);6.8 inches, 111.3 cm2 (~87.3% screen-to-body ratio);IPS LCD, 90Hz, 850 nits (peak);Virtual proximity sensing;Fingerprint (side-mounted), accelerometer, compass;2024, April 04;Available. Released 2024, May;N/A;LED flash, HDR, panorama;N/A;N/A;"108 MP, f/1.8, (wide), PDAF
2 MP, f/2.4, (macro)
2 MP, f/2.4, (depth)";1080p@30fps;N/A;No;256GB 8GB RAM;Crystal Silver, Emerald Green, Midnight Black;N/A;About 150 EUR;N/A;N/A;GSM 850 / 900 / 1800 / 1900;HSDPA 850 / 900 / 1900 / 2100;1, 3, 5, 7, 8, 34, 38, 39, 40, 41;1, 5, 8, 28, 41, 78 SA/NSA;N/A;N/A;HSPA, LTE, 5G;GSM / HSPA / LTE / 5G;Octa-core (2x2.2 GHz Cortex-A76 & 6x2.0 GHz Cortex-A55);Mediatek Dimensity 6020 (7 nm);Mali-G57 MC2;Android 13, Magic OS 7.2;N/A;N/A;8 MP, f/2.0, (wide);1080p@30fps;24-bit/192kHz Hi-Res audio;Yes;Yes, with stereo speakers;N/A;N/A;N/A;N/A;N/A;N/A;N/A
29;HONOR;Honor 200 Lite;https://www.gsmarena.com/honor_200_lite-12948.php;N/A;N/A;35W wired;Li-Po 4500 mAh;N/A;N/A;161.1 x 74.6 x 6.8 mm (6.34 x 2.94 x 0.27 in);Nano-SIM + Nano-SIM;166 g (5.86 oz);5.1, A2DP, LE;N/A;Yes (market/region dependent);GPS, GLONASS, GALILEO, BDS;Unspecified;USB Type-C 2.0, OTG;Wi-Fi 802.11 a/b/g/n/ac, dual-band, Wi-Fi Direct;N/A;N/A;1080 x 2412 pixels, 20:9 ratio (~394 ppi density);6.7 inches, 108.0 cm2 (~89.9% screen-to-body ratio);AMOLED, 90Hz, 3240Hz PWM;N/A;Fingerprint (side-mounted), accelerometer, proximity, compass;2024, April 25;Available. Released 2024, May 03;N/A;LED flash, HDR, panorama;N/A;N/A;"108 MP, f/1.8, (wide), PDAF
5 MP, f/2.2, (ultrawide)
2 MP, f/2.4, (macro)";1080p@30fps;N/A;No;256GB 8GB RAM, 256GB 12GB RAM;Starry Blue, Cyan Lake, Black;LLY-NX1;$ 202.16 / € 133.97 / £ 179.99 / ₹ 18,990;0.84 W/kg (head)     1.25 W/kg (body);N/A;GSM 850 / 900 / 1800 / 1900;HSDPA 850 / 900 / 1900 / 2100;LTE;SA/NSA;N/A;N/A;HSPA, LTE, 5G;GSM / HSPA / LTE / 5G;Octa-core (2x2.4 GHz Cortex-A76 & 6x2.0 GHz Cortex-A55);Mediatek Dimensity 6080 (6 nm);Mali-G57 MC2;Android 14, MagicOS 8;N/A;LED flash;50 MP, f/2.1, (wide);1080p@30fps;N/A;No;Yes;N/A;N/A;N/A;N/A;N/A;N/A;N/A
30;HONOR;Honor Pad 10;https://www.gsmarena.com/honor_pad_10-13897.php;N/A;N/A;35W wired;Li-Po 10100 mAh;Stylus support;Glass front, aluminum frame, aluminum back;277.1 x 179.3 x 6.3 mm (10.91 x 7.06 x 0.25 in);Yes (cellular model only);525 g (1.16 lb);5.3, A2DP, LE, aptX HD;N/A;No;Unspecified;No;USB Type-C;Wi-Fi 802.11 a/b/g/n/ac/6, dual-band, Wi-Fi Direct;N/A;N/A;1600 x 2560 pixels, 16:10 ratio (~249 ppi density);12.1 inches, 424.5 cm2 (~85.4% screen-to-body ratio);IPS LCD, 1B colors, 120Hz, HDR;N/A;Accelerometer;2025, May 22;Available. Released 2025, May 29;N/A;N/A;N/A;8 MP, f/2.0, (wide), AF;N/A;Yes;N/A;Unspecified;256GB 8GB RAM;Cyan, Gray;N/A;About 300 EUR;N/A;N/A;N/A;N/A;LTE - cellular model only;SA/NSA - cellular model only;No;No;LTE, 5G - cellular model only;LTE / 5G;Octa-core (1x2.63 GHz Cortex-A715 & 3x2.4 GHz Cortex-A715 & 4x1.8 GHz Cortex-A510);Qualcomm SM7550-AB Snapdragon 7 Gen 3 (4 nm);Adreno 720;Android 15, MagicOS 9;N/A;N/A;8 MP, f/2.2, (wide);1080p@30fps;N/A;No;Yes, with stereo speakers (6 speakers);N/A;N/A;N/A;N/A;N/A;N/A;N/A
31;HONOR;Honor 8X;https://www.gsmarena.com/honor_8x-9313.php;N/A;N/A;10W wired;Li-Po 3750 mAh, non-removable;N/A;Glass front (Gorilla Glass 3), glass back, aluminum frame;160.4 x 76.6 x 7.8 mm (6.31 x 3.02 x 0.31 in);Nano-SIM + Nano-SIM;175 g (6.17 oz);4.2, A2DP, LE, aptX;N/A;Yes (JSN-L21 only);GPS, GLONASS, BDS;FM radio;microUSB 2.0, OTG;Wi-Fi 802.11 a/b/g/n/ac, Wi-Fi Direct;N/A;Corning Gorilla Glass 3;1080 x 2340 pixels, 19.5:9 ratio (~397 ppi density);6.5 inches, 103.2 cm2 (~84.0% screen-to-body ratio);IPS LCD;N/A;Fingerprint (rear-mounted), accelerometer, gyro, proximity, compass;2018, September. Released 2018, September;Discontinued;"20 MP, f/1.8, 27 mm (wide), PDAF
2 MP, (depth)";LED flash, panorama, HDR;N/A;N/A;N/A;1080p@30/60fps, 480fps, stereo sound rec.;eMMC 5.1;microSDXC (dedicated slot);64GB 4GB RAM, 64GB 6GB RAM, 128GB 4GB RAM, 128GB 6GB RAM;Black, Blue, Red, Pink;JSN-L22, JSN-L42, JSN-L11, JSN-L21, JSN-L21, JSN-L23, JSN-AL00, JSN-TL00, JSN-AL00a;About 220 EUR;0.72 W/kg (head);CDMA 800 & TD-SCDMA;GSM 850 / 900 / 1800 / 1900;HSDPA 850 / 900 / 2100;1, 3, 5, 8, 38, 39, 40, 41;N/A;N/A;N/A;HSPA, LTE;GSM / CDMA / HSPA / LTE;Octa-core (4x2.2 GHz Cortex-A73 & 4x1.7 GHz Cortex-A53);Kirin 710 (12 nm);Mali-G51 MP4;Android 8.1 (Oreo), upgradable to Android 9.0 (Pie), EMUI 9.0;N/A;HDR;"16 MP, f/2.0, 26mm (wide), 1/3.06"", 1.0µm";1080p@30fps;N/A;Yes;Yes;Noise -92.3dB / Crosstalk -80.7dB;N/A;Endurance rating 96h;Photo / Video;Contrast ratio: 1234:1 (nominal), 3.113 (sunlight);Voice 67dB / Noise 72dB / Ring 81dB;"AnTuTu: 137276 (v7)
GeekBench: 5651 (v4.4)
GFXBench: 6.7fps (ES 3.1 onscreen)"
32;HONOR;Honor 400 (China);https://www.gsmarena.com/honor_400_5g_(china)-13930.php;N/A;N/A;"80W wired, 39% in 15 min
5W reverse wired";Si/C Li-Ion 7200 mAh;"IP68/IP69 dust tight and water resistant (high pressure water jets; immersible up to 1.5m for 30 min)";Glass front, aluminum frame;156.3 x 74.7 x 7.8 mm (6.15 x 2.94 x 0.31 in);Nano-SIM + Nano-SIM;196 g (6.91 oz);5.4, A2DP, LE, aptX HD, aptX Adaptive;Yes;Yes;GPS, GALILEO, GLONASS, QZSS, NavIC, BDS (B1I+B1c);No;USB Type-C 2.0, OTG;Wi-Fi 802.11 a/b/g/n/ac/6, dual-band, Wi-Fi Direct;N/A;Aluminosilicate glass;1264 x 2736 pixels, 19.5:9 ratio (~460 ppi density);6.55 inches, 105.4 cm2 (~90.3% screen-to-body ratio);AMOLED, 1B colors, 120Hz, HDR, 5000 nits (peak);N/A;Fingerprint (under display, optical), accelerometer, gyro, proximity, compass;2025, June 02;Available. Released 2025, June 06;"200 MP, f/1.9, (wide), 1/1.4"", PDAF, OIS
12 MP, f/2.2, 112˚ (ultrawide), AF";LED flash, HDR, panorama;N/A;N/A;N/A;4K, 1080p, gyro-EIS, OIS;N/A;No;256GB 12GB RAM, 512GB 12GB RAM, 512GB 16GB RAM;Black, Silver, Blue, Pink;DNN-AN00;About 310 EUR;N/A;N/A;GSM 850 / 900 / 1800 / 1900;HSDPA 800 / 850 / 900 / 1700(AWS) / 1900 / 2100;LTE;SA/NSA;N/A;N/A;HSPA, LTE, 5G;GSM / HSPA / LTE / 5G;Octa-core (1x2.8 GHz Cortex-720 & 4x2.4 GHz Cortex-720 & 3x1.8 GHz Cortex-520);Qualcomm SM7750-AB Snapdragon 7 Gen 4 (4 nm);Adreno 722;Android 15, MagicOS 9;N/A;HDR;50 MP, f/2.0, (wide);4K, 1080p, gyro-EIS;N/A;No;Yes, with stereo speakers;N/A;N/A;N/A;N/A;N/A;N/A;N/A
33;HONOR;Honor 50;https://www.gsmarena.com/honor_50-10962.php;N/A;N/A;66W wired, 70% in 20 min, 100% in 45 min;Li-Po 4300 mAh;N/A;Glass front, plastic frame, glass back;160 x 73.8 x 7.8 mm (6.30 x 2.91 x 0.31 in);Nano-SIMNano-SIM + Nano-SIM;175 g (6.17 oz);5.2, A2DP, LE, aptX HD;N/A;Yes;GPS, GLONASS, GALILEO, BDS, QZSS;No;USB Type-C 2.0, OTG;Wi-Fi 802.11 a/b/g/n/ac/6, dual-band, Wi-Fi Direct;N/A;N/A;1080 x 2340 pixels, 19.5:9 ratio (~392 ppi density);6.57 inches, 106.0 cm2 (~89.7% screen-to-body ratio);OLED, 1B colors, 120Hz;N/A;Fingerprint (under display, optical), accelerometer, gyro, proximity, compass;2021, June 16;Available. Released 2021, June 25;N/A;LED flash, HDR, panorama;"108 MP, f/1.9, (wide), 1/1.52"", 0.7µm, PDAF
8 MP, f/2.2, 120˚, 17mm (ultrawide)
2 MP, f/2.4, (macro)
2 MP, f/2.4, (depth)";N/A;N/A;4K@30fps, 1080p@30/60fps, gyro-EIS;N/A;No;128GB 6GB RAM, 128GB 8GB RAM, 256GB 8GB RAM, 256GB 12GB RAM;Frost Crystal, Amber Red, Emerald Green, Midnight Black, Honor Code;NTH-AN00, NTH-NX9;About 180 EUR;N/A;1, 5, 8, 41, 77, 78 SA/NSA - China;GSM 850 / 900 / 1800 / 1900;HSDPA 800 / 850 / 900 / 1700(AWS) / 1900 / 2100;1, 2, 3, 4, 5, 7, 8, 12, 17, 18, 19, 20, 26, 28, 34, 38, 39, 40, 41, 66 - International;1, 3, 7, 28, 38, 40, 41, 77, 78 SA/NSA - International;N/A;N/A;HSPA, LTE, 5G;GSM / CDMA / HSPA / CDMA2000 / LTE / 5G;Octa-core (1x2.4 GHz Cortex-A78 & 3x2.2 GHz Cortex-A78 & 4x1.9 GHz Cortex-A55);Qualcomm SM7325 Snapdragon 778G 5G (6 nm);Adreno 642L;Android 11, Magic UI 4.2;N/A;N/A;"32 MP, f/2.2, 22mm (wide), 1/3.14""";1080p@30fps;N/A;No;Yes;N/A;N/A;Endurance rating 100h;Photo / Video;748 nits max brightness (measured);-28.2 LUFS (Average);"AnTuTu: 470348 (v9)
GeekBench: 2971 (v5.1)
GFXBench: 27fps (ES 3.1 onscreen)"
34;HONOR;Honor 200 Smart;https://www.gsmarena.com/honor_200_smart-13281.php;N/A;N/A;35W wired;Li-Po 5200 mAh;IP64 dust tight and water resistant (water splashes);N/A;166.9 x 76.8 x 8.1 mm (6.57 x 3.02 x 0.32 in);Nano-SIM + Nano-SIM;191 g or 193 g (6.74 oz);5.0, A2DP, LE;N/A;No;GPS, GLONASS, GALILEO, BDS;No;USB Type-C 2.0, OTG;Wi-Fi 802.11 a/b/g/n/ac, dual-band, Wi-Fi Direct;N/A;Aluminosilicate glass;1080 x 2412 pixels, 20:9 ratio (~389 ppi density);6.8 inches, 111.3 cm2 (~86.8% screen-to-body ratio);TFT LCD, 120Hz, 850 nits (peak);N/A;Fingerprint (side-mounted), accelerometer, proximity, compass;2024, September 17;Available. Released 2024, September 23;"50 MP, f/1.8, (wide), PDAF
2 MP, f/2.4, (depth)";LED flash, HDR;N/A;N/A;N/A;1080p@30fps;N/A;No;256GB 4GB RAM, 256GB 8GB RAM;Midnight Black, Forest Green;N/A;$ 189.00 / € 137.52 / £ 133.00;N/A;N/A;GSM 850 / 900 / 1800 / 1900;HSDPA 850 / 900 / 1700(AWS) / 1900 / 2100;LTE;SA/NSA;N/A;N/A;HSPA, LTE, 5G;GSM / HSPA / LTE / 5G;Octa-core (2x2.2 GHz Cortex-A78 & 6x1.95 GHz Cortex-A55);Qualcomm SM4450 Snapdragon 4 Gen 2 (4 nm);Adreno 613;Android 14, Magic OS 8;N/A;N/A;5 MP, f/2.2, (wide);1080p@30fps;24-bit/192kHz Hi-Res audio;Yes;Yes, with stereo speakers;N/A;N/A;N/A;N/A;N/A;N/A;N/A
35;HONOR;Honor 400 Pro (China);https://www.gsmarena.com/honor_400_pro_5g_(china)-13929.php;N/A;N/A;"90W wired, 40% in 15 min
50W wireless, 28% in 15 min
5W reverse wired
Reverse wireless";Si/C Li-Ion 7200 mAh;"IP68/IP69 dust tight and water resistant (high pressure water jets; immersible up to 1.5m for 30 min)";Glass front, aluminum frame;156.3 x 74.7 x 7.8 mm (6.15 x 2.94 x 0.31 in);Nano-SIM + Nano-SIM;204 g (7.20 oz);5.4, A2DP, LE, aptX HD, aptX Adaptive;Yes;Yes;GPS (L1+L5), BDS (B1I+B1C+B2a+B2b), GALILEO (E1+E5a+E5b), QZSS (L1+L5), NavIC (L5), GLONASS;No;USB Type-C 2.0, OTG;Wi-Fi 802.11 a/b/g/n/ac/6/7, dual-band, Wi-Fi Direct;N/A;Aluminosilicate glass;1264 x 2736 pixels, 19.5:9 ratio (~460 ppi density);6.55 inches, 105.4 cm2 (~90.3% screen-to-body ratio);AMOLED, 1B colors, 120Hz, HDR Vivid, 5000 nits (peak);N/A;Fingerprint (under display, optical), accelerometer, gyro, proximity, compass;2025, June 02;Available. Released 2025, June 08;N/A;LED flash, HDR, panorama;N/A;N/A;"200 MP, f/1.9, (wide), 1/1.4"", PDAF, OIS
50 MP, f/2.4, (telephoto), 1/2.0"", 0.8µm, PDAF, OIS, 3x optical zoom
12 MP, f/2.2, 112˚ (ultrawide), AF";4K, 1080p, gyro-EIS, OIS;N/A;No;256GB 12GB RAM, 512GB 12GB RAM, 512GB 16GB RAM, 1TB 16GB RAM;Black, Silver, Blue, Pink;DNP-AN00;About 420 EUR;N/A;N/A;GSM 850 / 900 / 1800 / 1900;HSDPA 800 / 850 / 900 / 1700(AWS) / 1900 / 2100;LTE;SA/NSA;N/A;N/A;HSPA, LTE, 5G;GSM / HSPA / LTE / 5G;Octa-core (1x3.3 GHz Cortex-X4 & 3x3.2 GHz Cortex-A720 & 2x3.0 GHz Cortex-A720 & 2x2.3 GHz Cortex-A520);Qualcomm SM8650-AB Snapdragon 8 Gen 3 (4 nm);Adreno 750;Android 15, MagicOS 9;"50 MP, f/2.0, (wide)
2 MP, f/2.4, (depth)";HDR;N/A;4K, 1080p, gyro-EIS;N/A;No;Yes, with stereo speakers;N/A;N/A;N/A;N/A;N/A;N/A;N/A
36;HONOR;Honor 400;https://www.gsmarena.com/honor_400_5g-13799.php;N/A;N/A;"66W wired (for 5300 mAh), 44% in 15 min, 100% in 46 min
80W wired (for 6000 mAh), 40% in 15 min
5W reverse wired";Si/C Li-Ion 5300 mAh - EuropeSi/C Li-Ion 6000 mAh - ROW;"IP65 dust tight and water resistant (low pressure water jets)
IP66 dust tight and water resistant (high pressure water jets)
* market/region dependent availability";N/A;156.5 x 74.6 x 7.3 mm (6.16 x 2.94 x 0.29 in);Nano-SIM + Nano-SIM + eSIM (max 2 at a time)Nano-SIM + eSIM;184 g (6.49 oz);5.4, A2DP, LE, aptX HD;Yes;Yes;GPS, GALILEO, GLONASS, QZSS, BDS;No;USB Type-C 2.0, OTG;Wi-Fi 802.11 a/b/g/n/ac/6, dual-band, Wi-Fi Direct;N/A;N/A;1264 x 2736 pixels, 19.5:9 ratio (~460 ppi density);6.55 inches, 105.4 cm2 (~90.3% screen-to-body ratio);AMOLED, 1B colors, 120Hz, 3840Hz PWM, HDR, 5000 nits (peak);N/A;Fingerprint (under display, optical), accelerometer, compass, proximity (ultrasonic);2025, May 22;Available. Released 2025, May 23;"200 MP, f/1.9, (wide), 1/1.4"", PDAF, OIS
12 MP, f/2.2, 112˚ (ultrawide), AF";LED flash, HDR, panorama;N/A;N/A;N/A;4K, 1080p, gyro-EIS, OIS;N/A;No;256GB 8GB RAM, 256GB 12GB RAM, 512GB 8GB RAM, 512GB 12GB RAM;Midnight Black, Meteor Silver, Desert Gold, Tidal Blue;DNY-NX9;$ 799.00 / € 405.22 / £ 348.00;N/A;N/A;GSM 850 / 900 / 1800 / 1900;HSDPA 800 / 850 / 900 / 1700(AWS) / 1900 / 2100;LTE;SA/NSA;N/A;N/A;HSPA, LTE, 5G;GSM / HSPA / LTE / 5G;Octa-core (1x2.63 GHz Cortex-A715 & 3x2.4 GHz Cortex-A715 & 4x1.8 GHz Cortex-A510);Qualcomm SM7550-AB Snapdragon 7 Gen 3 (4 nm);Adreno 720;Android 15, up to 6 major Android upgrades, MagicOS 9;N/A;HDR;50 MP, f/2.0, (wide);4K, 1080p, gyro-EIS;N/A;No;Yes, with stereo speakers;N/A;Active use score 12:29h;N/A;N/A;1550 nits max brightness (measured);-25.8 LUFS (Very good);"AnTuTu: 864286 (v10)
GeekBench: 3198 (v6)
3DMark: 1492 (Wild Life Extreme)"
37;HONOR;Honor Magic7 Lite;https://www.gsmarena.com/honor_magic7_lite-13581.php;N/A;N/A;"66W wired
Reverse wired";Si/C Li-Ion 6600 mAh;"IP64 dust tight and water resistant (water splashes)
Drop resistant up to 2m";N/A;162.8 x 75.5 x 8 mm (6.41 x 2.97 x 0.31 in);Nano-SIM + eSIM;189 g (6.67 oz);5.1, A2DP, LE;N/A;Yes (market/region dependent);GPS, GLONASS, GALILEO, BDS;No;USB Type-C 2.0, OTG;Wi-Fi 802.11 a/b/g/n/ac, dual-band, Wi-Fi Direct;N/A;N/A;1224 x 2700 pixels (~437 ppi density);6.78 inches, 111.5 cm2 (~90.7% screen-to-body ratio);AMOLED, 1B colors, 120Hz, 3840Hz PWM, 4000 nits (peak);N/A;Fingerprint (under display, optical), accelerometer, gyro, compass, proximity (ultrasonic);2025, January 02;Available. Released 2025, January 02;"108 MP, f/1.8, (wide), 1/1.67"", PDAF, OIS
5 MP, f/2.2, (ultrawide)";LED flash, panorama, HDR;N/A;N/A;N/A;4K@30fps, 1080p@30fps;N/A;No;256GB 8GB RAM, 256GB 12GB RAM, 512GB 6GB RAM, 512GB 8GB RAM, 512GB 12GB RAM;Titanium Purple, Titanium Black;BRP-NX1;€ 349.90;N/A;N/A;GSM 850 / 900 / 1800 / 1900;HSDPA 850 / 900 / 1900 / 2100;LTE;SA/NSA;N/A;N/A;HSPA, LTE, 5G;GSM / HSPA / LTE / 5G;Octa-core (4x2.2 GHz Cortex-A78 & 4x1.8 GHz Cortex-A55);Qualcomm SM6450 Snapdragon 6 Gen 1 (4 nm);Adreno 710;Android 14, MagicOS 8;N/A;N/A;16 MP, f/2.5, (wide);1080p@30fps;N/A;No;Yes, with stereo speakers;N/A;Active use score 15:02h;N/A;N/A;N/A;N/A;"AnTuTu: 594450 (v10)
GeekBench: 2705 (v6)
3DMark: 617 (Wild Life Extreme)"
38;HONOR;Honor Magic7;https://www.gsmarena.com/honor_magic7-13481.php;N/A;N/A;"100W wired
80W wireless
Reverse wireless
5W reverse wired";Si/C Li-Ion 5650 mAh;"IP68/IP69 dust tight and water resistant (high pressure water jets; immersible up to 1.5m for 30 min)";N/A;162.1 x 75.8 x 8 mm (6.38 x 2.98 x 0.31 in);Nano-SIM + Nano-SIM;199 g (7.02 oz);5.4, A2DP, LE, aptX HD;Yes;Yes;GPS (L1+L5), GLONASS, BDS (B1I+B1c+B2a), GALILEO (E1+E5a);No;USB Type-C 2.0, OTG;Wi-Fi 802.11 a/b/g/n/ac/6/7, dual-band, Wi-Fi Direct;HDR image support;Giant rhino glass;1264 x 2800 pixels (~453 ppi density);6.78 inches, 111.2 cm2 (~90.5% screen-to-body ratio);LTPO OLED, 1B colors, 120Hz, 4320Hz PWM, Dolby Vision, HDR, 1600 nits (HBM), 5000 nits (peak);Emergency SOS via satellite (messages and calls);Fingerprint (under display, ultrasonic), accelerometer, gyro, proximity, compass;2024, October 30;Available. Released 2024, November 08;N/A;Laser AF, color spectrum sensor, LED flash, HDR, panorama;N/A;N/A;"50 MP, f/1.9, 24mm (wide), 1/1.3"", 1.2µm, dual pixel PDAF
50 MP, f/2.4, 68mm (telephoto), PDAF, OIS, 3x optical zoom
50 MP, f/2.0, 12mm, 122˚ (ultrawide), 1/2.88"", 0.61µm, dual pixel PDAF";4K@24/30/60fps, 1080p@24/30/60/120/240fps, gyro-EIS, OIS, HDR, 10-bit video;UFS 4.0;No;256GB 12GB RAM, 512GB 12GB RAM, 512GB 16GB RAM, 1TB 16GB RAM;Black, White, Gray, Blue, Gold;PTP-AN00;About 580 EUR;N/A;N/A;GSM 850 / 900 / 1800 / 1900;HSDPA 800 / 850 / 900 / 1700(AWS) / 1900 / 2100;LTE;SA/NSA;N/A;N/A;HSPA, LTE, 5G;GSM / HSPA / LTE / 5G;Octa-core (2x4.32 GHz Oryon V2 Phoenix L + 6x3.53 GHz Oryon V2 Phoenix M);Qualcomm SM8750-AB Snapdragon 8 Elite (3 nm);Adreno 830;Android 15, MagicOS 9;N/A;N/A;"50 MP, f/2.0, 22mm (wide), 1/2.93"", 0.6µm";4K@30/60fps, 1080p@30/60fps, gyro-EIS;N/A;No;Yes, with large amplitude stereo speakers;N/A;N/A;N/A;N/A;N/A;N/A;N/A
39;HONOR;Honor X9 5G;https://www.gsmarena.com/honor_x9_5g-11447.php;N/A;N/A;66W wired, 81% in 30 min;Li-Po 4800 mAh;N/A;Glass front, plastic frame, plastic back;166.1 x 75.8 x 8.1 mm (6.54 x 2.98 x 0.32 in);Nano-SIM + Nano-SIM;189 g (6.67 oz);5.1, A2DP, LE;N/A;Yes;GPS, GLONASS, GALILEO, BDS;No;USB Type-C 2.0, OTG;Wi-Fi 802.11 a/b/g/n/ac, dual-band, Wi-Fi Direct;N/A;N/A;1080 x 2388 pixels (~385 ppi density);6.81 inches, 112.3 cm2 (~89.2% screen-to-body ratio);IPS LCD, 120Hz;Virtual proximity sensing;Fingerprint (side-mounted), accelerometer, gyro, compass;2022, March 29;Available. Released 2022, March 29;N/A;LED flash, panorama, HDR;N/A;N/A;"48 MP, f/1.8, 26mm (wide), PDAF
2 MP, f/2.4, (macro)
2 MP, f/2.4, (depth)";1080p@30fps;N/A;No;128GB 8GB RAM, 256GB 8GB RAM;Titanium Silver, Ocean Blue, Midnight Black;ANY-NX1;About 240 EUR;N/A;N/A;GSM 850 / 900 / 1800 / 1900;HSDPA 850 / 900 / 1700(AWS) / 1900 / 2100;LTE;SA/NSA;N/A;N/A;HSPA, LTE, 5G;GSM / HSPA / LTE / 5G;Octa-core (2x2.2 GHz Kryo 660 Gold & 6x1.8 GHz Kryo 660 Silver);Qualcomm SM6375 Snapdragon 695 5G (6 nm);Adreno 619;Android 11, Magic UI 4.2;N/A;N/A;16 MP, f/2.5;1080p@30fps;N/A;No;Yes;N/A;N/A;N/A;N/A;N/A;N/A;N/A
40;HONOR;Honor Magic4 Pro;https://www.gsmarena.com/honor_magic4_pro-11390.php;N/A;N/A;"100W wired, 100% in 30 min
100W wireless, 50% in 15 min
Reverse wireless
5W reverse wired";Li-Po 4600 mAh;IP68 dust tight and water resistant (immersible up to 1.5m for 30 min);Glass front, aluminum frame, glass back;163.6 x 74.7 x 9.1 mm or 9.2 mm;Nano-SIM + eSIMNano-SIM + Nano-SIM;209 g / 215 g (7.37 oz);5.2, A2DP, LE, aptX HD;Yes;Yes;GPS (L1+L5), GLONASS (L1), BDS (B1I+B1c+B2a), GALILEO (E1+E5a);No;USB Type-C 3.1, OTG;Wi-Fi 802.11 a/b/g/n/ac/6, dual-band, Wi-Fi Direct;N/A;Aluminosilicate glass;1312 x 2848 pixels, 19.5:9 ratio (~460 ppi density);6.81 inches, 113.7 cm2 (~93.0% screen-to-body ratio);LTPO OLED, 1B colors, 120Hz, HDR10+, 1000 nits (peak);N/A;Fingerprint (under display, ultrasonic), Face ID, accelerometer, gyro, proximity, compass;2022, February 28;Available. Released 2022, April 09;N/A;Laser AF, color spectrum sensor, LED flash, HDR, panorama;N/A;N/A;"50 MP, f/1.8, 23mm (wide), 1/1.56"", 1.0µm, multi-directional PDAF
50 MP, f/2.2, 122˚ (ultrawide), 1/2.5"", AF
64 MP, f/3.5, 90mm (periscope telephoto), 1/2.0"", 0.7µm, PDAF, OIS, 3.5x optical zoom
TOF 3D (depth)";4K@30/60fps, 1080p@30/60fps, gyro-EIS, HDR10, 10-bit video;N/A;No;256GB 8GB RAM, 256GB 12GB RAM, 512GB 12GB RAM;Black, White, Cyan, Gold, Orange;LGE-NX9, LGE-N49B, LGE-N19B, LGE-AN10, GBD-NX9;$ 1,155.00 / € 344.34 / £ 376.66;N/A;CDMA2000 1xEV-DO;GSM 850 / 900 / 1800 / 1900;HSDPA 800 / 850 / 900 / 1700(AWS) / 1900 / 2100;1, 2, 3, 4, 5, 7, 8, 12, 17, 18, 19, 20, 26, 28, 34, 38, 39, 40, 41 - China;1, 3, 5, 8, 28, 38, 41, 77, 78, 79 SA/NSA - China;N/A;N/A;HSPA, LTE, 5G;GSM / CDMA / HSPA / EVDO / LTE / 5G;Octa-core (1x3.00 GHz Cortex-X2 & 3x2.50 GHz Cortex-A710 & 4x1.80 GHz Cortex-A510);Qualcomm SM8450 Snapdragon 8 Gen 1 (4 nm);Adreno 730;Android 12, Magic UI 6;N/A;HDR;"12 MP, f/2.4, 100˚ (ultrawide), 1.22µm
TOF 3D, (depth/biometrics sensor)";4K@30fps, 1080p@30fps;24-bit audio stereo recording;No;Yes, with stereo speakers;N/A;N/A;Endurance rating 82h;Photo / Video;957 nits max brightness (measured);-23.6 LUFS (Very good);"AnTuTu: 980755 (v9)
GeekBench: 3512 (v5.1)
GFXBench: 59fps (ES 3.1 onscreen)"
41;HONOR;Honor 9 Lite;https://www.gsmarena.com/honor_9_lite-8962.php;N/A;N/A;N/A;Li-Po 3000 mAh, non-removable;N/A;Glass front, glass back, aluminum frame;151 x 71.9 x 7.6 mm (5.94 x 2.83 x 0.30 in);Nano-SIM + Nano-SIM;149 g (5.26 oz);4.2, A2DP, LE;N/A;Yes (market/region dependent);GPS, GLONASS, BDS;FM radio;microUSB 2.0, OTG;Wi-Fi 802.11 b/g/n, Wi-Fi Direct;N/A;N/A;1080 x 2160 pixels, 18:9 ratio (~428 ppi density);5.65 inches, 82.0 cm2 (~75.5% screen-to-body ratio);IPS LCD;N/A;Fingerprint (rear-mounted), accelerometer, proximity, compass;2017, December. Released 2017, December;Discontinued;"13 MP, PDAF
2 MP, (depth)";LED flash, HDR, panorama;N/A;N/A;N/A;1080p@30fps;eMMC 5.1;microSDXC (uses shared SIM slot);32GB 3GB RAM, 32GB 4GB RAM, 64GB 4GB RAM;Midnight Black, Sapphire Blue, Glacier Gray, Navy, Seagull Gray, Magic Nightfall, Pearl White;LLD-AL00, LLD-AL10, LLD-TL10, LLD-L31, LLD-L21, LLD-L11;About 190 EUR;N/A;1, 3, 5, 40, 41 - India;GSM 900 / 1800 / 1900 - SIM 1 & SIM 2;HSDPA 850 / 900 / 1900 / 2100 - Global;1, 3, 7, 8, 20 - Global;N/A;N/A;N/A;HSPA 42.2/5.76 Mbps, LTE (2CA) Cat6 300/50 Mbps;GSM / HSPA / LTE;Octa-core (4x2.36 GHz Cortex-A53 & 4x1.7 GHz Cortex-A53);Kirin 659 (16 nm);Mali-T830 MP2;Android 8.0 (Oreo), upgradable to Android 9.0 (Pie), EMUI 9.1;"13 MP
2 MP, depth sensor";N/A;N/A;1080p@30fps;N/A;Yes;Yes;N/A;N/A;N/A;N/A;N/A;N/A;N/A
42;HONOR;Honor Magic5 Lite;https://www.gsmarena.com/honor_magic5_lite-12107.php;N/A;N/A;40W wired;Li-Po 5100 mAh;N/A;Glass front, plastic frame, plastic back;161.6 x 73.9 x 7.9 mm (6.36 x 2.91 x 0.31 in);Nano-SIM + Nano-SIM;175 g (6.17 oz);5.1, A2DP, LE;N/A;Yes;GPS, GLONASS, GALILEO, BDS;No;USB Type-C 2.0, OTG;Wi-Fi 802.11 a/b/g/n/ac, dual-band, Wi-Fi Direct;N/A;Scratch/drop-resistant glass;1080 x 2400 pixels, 20:9 ratio (~395 ppi density);6.67 inches, 107.4 cm2 (~89.9% screen-to-body ratio);AMOLED, 1B colors, 120Hz, 800 nits (HBM);N/A;Fingerprint (under display, optical), accelerometer, gyro, proximity, compass;2023, February 15;Available. Released 2023, February 20;"64 MP, f/1.8, (wide), PDAF
5 MP, f/2.2, (ultrawide)
2 MP, f/2.4, (macro)";LED flash, panorama, HDR;N/A;N/A;N/A;1080p@30fps;N/A;No;128GB 6GB RAM, 256GB 6GB RAM, 256GB 8GB RAM;Midnight Black, Emerald Green, Titanium Silver;RMO-NX1, RMO-NX3;$ 479.00 / € 192.98 / £ 108.00;N/A;N/A;GSM 850 / 900 / 1800 / 1900;HSDPA 850 / 900 / 1900 / 2100;LTE;SA/NSA;N/A;N/A;HSPA, LTE, 5G;GSM / HSPA / LTE / 5G;Octa-core (2x2.2 GHz Kryo 660 Gold & 6x1.7 GHz Kryo 660 Silver);Qualcomm SM6375 Snapdragon 695 5G (6 nm);Adreno 619;Android 12, upgradable to Android 13, MagicOS 7.1;N/A;N/A;16 MP, f/2.5, (wide);1080p@30fps;N/A;No;Yes;N/A;N/A;Endurance rating 111h;Photo / Video;864 nits max brightness (measured);-31.4 LUFS (Below average);"AnTuTu: 387250 (v9)
GeekBench: 1912 (v5.1)
GFXBench: 18fps (ES 3.1 onscreen)"
43;HONOR;Honor Pad 9;https://www.gsmarena.com/honor_pad_9-12756.php;N/A;N/A;35W wired;Li-Po 8300 mAh;Stylus support;Glass front, aluminum frame, aluminum back;278.2 x 180.1 x 6.9 mm (10.95 x 7.09 x 0.27 in);Yes (cellular model only);555 g or 568 g (1.22 lb);5.1, A2DP, LE;N/A;No;No;No;USB Type-C 2.0, OTG;Wi-Fi 802.11 a/b/g/n/ac, dual-band, Wi-Fi Direct;N/A;Anti-glare glass;1600 x 2560 pixels, 16:10 ratio (~249 ppi density);12.1 inches, 424.5 cm2 (~84.7% screen-to-body ratio);IPS LCD, 1B colors, 120Hz, 500 nits (typ);N/A;Accelerometer;2023, December 21;Available. Released 2023, December 21;N/A;HDR;N/A;13 MP, f/2.0, (wide), AF;N/A;4K@30fps, 1080p@30fps;N/A;microSDXC (cellular model only);128GB 8GB RAM, 256GB 8GB RAM, 256GB 12GB RAM, 512GB 12GB RAM;Gray, Blue, White;HEY2-W09;About 190 EUR;N/A;N/A;N/A;N/A;LTE;SA/NSA;No;No;LTE, 5G;LTE / 5G;Octa-core (4x2.2 GHz Cortex-A78 & 4x1.8 GHz Cortex-A55);Qualcomm SM6450 Snapdragon 6 Gen 1 (4 nm);Adreno 710;Android 13, up to 1 major Android upgrades, Magic OS 7.2;N/A;N/A;8 MP, f/2.2, (wide);1080p@30fps;N/A;No;Yes, with stereo speakers (8 speakers);N/A;Active use score 9:18h;N/A;N/A;1128:1 contrast ratio, 530 nits max brightness (measured);-22.0 LUFS (Excellent);"AnTuTu: 495329 (v9), 470527 (v10)

GeekBench: 2724 (v5), 2767 (v6)
3DMark: 608 (Wild Life Extreme)"
44;HONOR;Honor Magic7 Pro;https://www.gsmarena.com/honor_magic7_pro-13480.php;N/A;N/A;"100W wired, 100% in 33 min
80W wireless, 100% in 44 min
Reverse wireless
5W reverse wired";Si/C Li-Ion 5850 mAh (Global)Si/C Li-Ion 5270 mAh (Europe only);"IP68/IP69 dust tight and water resistant (high pressure water jets; immersible up to 1.5m for 30 min)";Glass front (NanoCrystal Shield), glass back;162.7 x 77.1 x 8.8 mm (6.41 x 3.04 x 0.35 in);Nano-SIM + eSIMeSIM + eSIMNano-SIM + Nano-SIM;223 g (7.87 oz);5.4, A2DP, LE, aptX HD;Yes;Yes;GPS (L1+L5), GLONASS, BDS (B1I+B1c+B2a), GALILEO (E1+E5a);No;USB Type-C 3.2, DisplayPort 1.2, OTG;Wi-Fi 802.11 a/b/g/n/ac/6/7, dual-band, Wi-Fi Direct;HDR image support;NanoCrystal Shield;1280 x 2800 pixels, 19.5:9 ratio (~453 ppi density);6.8 inches, 112.8 cm2 (~89.9% screen-to-body ratio);LTPO OLED, 1B colors, 120Hz, 4320Hz PWM, Dolby Vision, HDR Vivid, 1600 nits (HBM), 5000 nits (peak);Emergency SOS via satellite (messages and calls) - China only;Fingerprint (under display, ultrasonic), Face ID, accelerometer, gyro, proximity, compass;2024, October 30;Available. Released 2024, November 08;N/A;Laser AF, color spectrum sensor, LED flash, HDR, panorama;N/A;N/A;"50 MP, f/1.4-2.0, 24mm (wide), 1/1.3"", 1.2µm, multi-directional PDAF, OIS
200 MP, f/2.6, 72mm (periscope telephoto), 1/1.4"", 0.56µm, multi-directional PDAF, OIS, 3x optical zoom
50 MP, f/2.0, 12mm, 122˚ (ultrawide), 1/2.88"", 0.61µm, PDAF";4K@24/30/60fps, 1080p@24/30/60/120/240fps, gyro-EIS, OIS, HDR, 10-bit video;UFS 4.0;No;256GB 12GB RAM, 512GB 12GB RAM, 512GB 16GB RAM, 1TB 16GB RAM;Lunar shadow Grey, Breeze Blue, Black, White;PTP-N49, PTP-AN10;$ 994.84 / € 913.00 / £ 892.16;N/A;N/A;GSM 850 / 900 / 1800 / 1900;HSDPA 800 / 850 / 900 / 1700(AWS) / 1900 / 2100;LTE;SA/NSA;N/A;N/A;HSPA, LTE, 5G;GSM / HSPA / LTE / 5G;Octa-core (2x4.32 GHz Oryon V2 Phoenix L + 6x3.53 GHz Oryon V2 Phoenix M);Qualcomm SM8750-AB Snapdragon 8 Elite (3 nm);Adreno 830;Android 15, up to 7 major Android upgrades, MagicOS 9;N/A;N/A;"50 MP, f/2.0, 21mm (wide), 1/2.93"", 0.6µm, PDAF
TOF 3D, (depth/biometrics sensor)";4K@30/60fps, 1080p@30/60fps, gyro-EIS;N/A;No;Yes, with large amplitude stereo speakers;N/A;Active use score 13:53h;N/A;N/A;1521 nits max brightness (measured);-22.8 LUFS (Excellent);"AnTuTu: 2767943 (v10)
GeekBench: 9291 (v6)
3DMark: 6723 (Wild Life Extreme)"
45;HONOR;Honor 90 Lite;https://www.gsmarena.com/honor_90_lite-12377.php;N/A;N/A;"35W wired, 55% in 30 min (Europe)
22.5W wired (Global)";Li-Po 4500 mAh;N/A;N/A;162.9 x 74.5 x 7.5 mm (6.41 x 2.93 x 0.30 in);Nano-SIM + Nano-SIM;179 g (6.31 oz);5.1, A2DP, LE (5.3, France);N/A;Yes (market/region dependent);GPS, GLONASS, GALILEO, BDS;Unspecified;USB Type-C 2.0, OTG;Wi-Fi 802.11 a/b/g/n/ac, dual-band, Wi-Fi Direct;N/A;N/A;1080 x 2388 pixels (~391 ppi density);6.7 inches, 108.7 cm2 (~89.6% screen-to-body ratio);IPS LCD, 90Hz;Virtual proximity sensing;Fingerprint (side-mounted), accelerometer, compass;2023, June 20;Available. Released 2023, June 20;N/A;LED flash, HDR, panorama;N/A;N/A;"100 MP, f/1.9, (wide), PDAF
5 MP, f/2.2, (ultrawide)
2 MP, f/2.4, (macro)";1080p@30fps;N/A;No;256GB 4GB RAM, 256GB 8GB RAM;Titanium Silver, Cyan Lake, Midnight Black;CRT-NX1;$ 371.67 / € 209.99 / £ 140.74;N/A;N/A;GSM 850 / 900 / 1800 / 1900;HSDPA 850 / 900 / 1900 / 2100;LTE;SA/NSA;N/A;N/A;HSPA, LTE, 5G;GSM / HSPA / LTE / 5G;Octa-core (2x2.2 GHz Cortex-A76 & 6x2.0 GHz Cortex-A55);Mediatek Dimensity 6020 (7 nm);Mali-G57 MC2;Android 13, Magic OS 7.1;N/A;N/A;16 MP, f/2.5, (wide);1080p@30fps;24-bit/192kHz Hi-Res audio;No;Yes;N/A;N/A;N/A;N/A;N/A;N/A;N/A
46;HONOR;Honor 400 Pro;https://www.gsmarena.com/honor_400_pro_5g-13798.php;N/A;N/A;"100W wired, 51% in 15 min, 100% in 39 min
50W wireless
5W reverse wired
Reverse wireless";Si/C Li-Ion 5300 mAh - EuropeSi/C Li-Ion 6000 mAh - ROW;"IP68/IP69 dust tight and water resistant (high pressure water jets; immersible up to 1.5m for 30 min)";N/A;160.8 x 76.1 x 8.1 mm (6.33 x 3.00 x 0.32 in);Nano-SIM + Nano-SIM + eSIM (max 2 at a time)Nano-SIM + eSIM;205 g (7.23 oz);5.4, A2DP, LE, aptX HD;Yes;Yes;GPS, GALILEO, GLONASS, QZSS, BDS;No;USB Type-C 2.0, OTG;Wi-Fi 802.11 a/b/g/n/ac/6e/7, dual-band or tri-band, Wi-Fi Direct;N/A;N/A;1280 x 2800 pixels, 19.5:9 ratio (~460 ppi density);6.7 inches, 109.5 cm2 (~89.5% screen-to-body ratio);AMOLED, 1B colors, 120Hz, 3840Hz PWM, HDR Vivid, 5000 nits (peak);N/A;Fingerprint (under display, optical), accelerometer, compass, proximity (ultrasonic);2025, May 22;Available. Released 2025, May 23;N/A;LED flash, HDR, panorama;N/A;N/A;"200 MP, f/1.9, (wide), 1/1.4"", PDAF, OIS
50 MP, f/2.4, (telephoto), 1/2.0"", 0.8µm, PDAF, OIS, 3x optical zoom
12 MP, f/2.2, 112˚ (ultrawide), AF";4K, 1080p, gyro-EIS, OIS;N/A;No;256GB 12GB RAM, 512GB 12GB RAM;Midnight Black, Lunar Grey, Tidal Blue;DNP-NX9;$ 546.70 / € 799.90 / £ 699.99;N/A;N/A;GSM 850 / 900 / 1800 / 1900;HSDPA 800 / 850 / 900 / 1700(AWS) / 1900 / 2100;LTE;SA/NSA;N/A;N/A;HSPA, LTE, 5G;GSM / HSPA / LTE / 5G;Octa-core (1x3.0 GHz Cortex-X4 & 5x2.95 GHz Cortex-A720 & 2x2.0 GHz Cortex-A520);Qualcomm SM8650-AB Snapdragon 8 Gen 3 (4 nm);Adreno 750;Android 15, up to 6 major Android upgrades, MagicOS 9;"50 MP, f/2.0, (wide)
2 MP, f/2.4, (depth)";HDR;N/A;4K, 1080p, gyro-EIS;N/A;No;Yes, with stereo speakers;N/A;Active use score 13:54h;N/A;N/A;1481 nits max brightness (measured);-23.4 LUFS (Very good);"AnTuTu: 1902675 (v10)
GeekBench: 6552 (v6)
3DMark: 4620 (Wild Life Extreme)"
47;HONOR;Honor X8;https://www.gsmarena.com/honor_x8-11417.php;N/A;N/A;22.5W wired;Li-Po 4000 mAh;N/A;Glass front, plastic frame, plastic back;163.4 x 74.7 x 7.5 mm (6.43 x 2.94 x 0.30 in);Nano-SIMNano-SIM + Nano-SIM;177 g (6.24 oz);5.0, A2DP, LE;N/A;Yes (market/region dependent);GPS, GLONASS, GALILEO, BDS;No;USB Type-C 2.0, OTG;Wi-Fi 802.11 a/b/g/n/ac, dual-band, Wi-Fi Direct;N/A;N/A;1080 x 2388 pixels (~391 ppi density);6.7 inches, 108.7 cm2 (~89.1% screen-to-body ratio);IPS LCD, 90Hz;Virtual proximity sensing;Fingerprint (side-mounted), accelerometer, compass;2022, March 11;Available. Released 2022, March 24;N/A;LED flash, panorama, HDR;N/A;N/A;"64 MP, f/1.8, (wide), PDAF
5 MP, f/2.2, (ultrawide)
2 MP, f/2.4, (macro)
2 MP, f/2.4, (depth)";1080p@30fps;N/A;No;128GB 6GB RAM;Titanium Silver, Midnight Black, Ocean Blue;TFY-LX1, TFY-LX2, TFY-LX3;$ 689.00 / € 162.00 / £ 114.99;N/A;N/A;GSM 850 / 900 / 1800 / 1900;HSDPA 850 / 900 / 1700(AWS) / 1900 / 2100;LTE;N/A;N/A;N/A;HSPA, LTE;GSM / HSPA / LTE;Octa-core (4x2.4 GHz Kryo 265 Gold & 4x1.9 GHz Kryo 265 Silver);Qualcomm SM6225 Snapdragon 680 4G (6 nm);Adreno 610;Android 11, Magic UI 4.2;N/A;N/A;16 MP, f/2.5;1080p@30fps;N/A;Yes;Yes;N/A;N/A;N/A;N/A;N/A;N/A;N/A
48;HONOR;Honor 200;https://www.gsmarena.com/honor_200-13050.php;N/A;N/A;"100W wired, 57% in 15 min
5W reverse wired";Si/C Li-Ion 5200 mAh;N/A;N/A;161.5 x 74.6 x 7.7 mm (6.36 x 2.94 x 0.30 in);Nano-SIM + eSIMNano-SIM + Nano-SIM;187 g (6.60 oz);5.3, A2DP, LE, aptX HD;Yes;Yes;GPS, GALILEO, GLONASS, QZSS, BDS (B1I+B1c);No;USB Type-C 2.0, OTG;Wi-Fi 802.11 a/b/g/n/ac/6, dual-band, Wi-Fi Direct;N/A;N/A;1200 x 2664 pixels (~436 ppi density);6.7 inches, 108.5 cm2 (~90.0% screen-to-body ratio);OLED, 1B colors, 120Hz, 3840Hz PWM, HDR, 4000 nits (peak);Circle to Search;Fingerprint (under display, optical), accelerometer, gyro, compass, ultrasound proximity;2024, May 27;Available. Released 2024, May 31;N/A;LED flash, HDR, panorama;N/A;N/A;"50 MP, f/2.0, (wide), 1/1.56"", 1.0µm, PDAF, OIS
50 MP, f/2.4, (telephoto), PDAF, OIS, 2.5x optical zoom
12 MP, f/2.2, 112˚ (ultrawide), AF";4K@30fps, 1080p@30/60fps, gyro-EIS, OIS;N/A;No;256GB 8GB RAM, 256GB 12GB RAM, 256GB 16GB RAM, 512GB 12GB RAM, 512GB 16GB RAM;Coral Pink, Moonlight White, Emerald Green, Black;ELI-AN00, ELI-NX9;$ 328.88 / € 297.42 / £ 499.00 / ₹ 22,950;N/A;CDMA2000 1x;GSM 850 / 900 / 1800 / 1900;HSDPA 800 / 850 / 900 / 1700(AWS) / 1900 / 2100;LTE;SA/NSA;N/A;N/A;HSPA, LTE, 5G;GSM / CDMA / HSPA / CDMA2000 / LTE / 5G;Octa-core (1x2.63 GHz Cortex-A715 & 4x2.4 GHz Cortex-A715 & 3x1.8 GHz Cortex-A510);Qualcomm SM7550-AB Snapdragon 7 Gen 3 (4 nm);Adreno 720;Android 14, MagicOS 8;N/A;HDR;50 MP, f/2.1, (wide);4K@30fps, 1080p@30fps, gyro-EIS;N/A;No;Yes, with stereo speakers;N/A;N/A;N/A;N/A;N/A;N/A;N/A
49;HONOR;Honor X5b Plus;https://www.gsmarena.com/honor_x5b_plus-13464.php;N/A;N/A;10W wired;Li-Po 5200 mAh;N/A;N/A;163.9 x 75.8 x 8.7 mm (6.45 x 2.98 x 0.34 in);Nano-SIM + Nano-SIM;194 g (6.84 oz);5.1, A2DP, LE, aptX HD;N/A;No;GPS, GLONASS, GALILEO, BDS;Unspecified;USB Type-C 2.0, OTG;Wi-Fi 802.11 a/b/g/n/ac, dual-band, Wi-Fi Direct;N/A;N/A;720 x 1612 pixels, 20:9 ratio (~269 ppi density);6.56 inches, 103.4 cm2 (~83.2% screen-to-body ratio);TFT LCD, 90Hz, 530 nits (HBM);N/A;Fingerprint (side-mounted), accelerometer, proximity;2024, October 22;Available. Released 2024, October;N/A;LED flash;N/A;"50 MP, f/1.8, (wide)
Auxiliary lens";N/A;1080p@30fps;N/A;microSDXC;128GB 4GB RAM, 256GB 4GB RAM;Ocean Blue, Starry Purple, Midnight Black;N/A;About 100 EUR;N/A;N/A;GSM 850 / 900 / 1800 / 1900;HSDPA 850 / 900 / 1900 / 2100;LTE;N/A;N/A;N/A;HSPA, LTE;GSM / HSPA / LTE;Octa-core (4x2.2 GHz Cortex-A53 & 4x1.6 GHz Cortex-A53);Mediatek Helio G36 (12 nm);PowerVR GE8320;Android 14, Magic OS 8;N/A;N/A;5 MP, f/2.2, (wide);1080p@30fps;N/A;Yes;Yes;N/A;N/A;N/A;N/A;N/A;N/A;N/A
50;HONOR;Honor Magic V3;https://www.gsmarena.com/honor_magic_v3-13202.php;N/A;N/A;"66W wired
50W wireless
5W reverse wired";Si/C Li-Ion 5150 mAh;"IPX8 water resistant (up to 2.5m for 30 min)
Stylus support";Glass front, nylon fiber back, aluminum frame;Unfolded: 156.6 x 145.3 x 4.35 mm or 4.4 mmFolded: 156.6 x 74.0 x 9.2 mm or 9.3 mm;Nano-SIM + eSIMNano-SIM + Nano-SIM;226 g or 230 g (7.97 oz);5.3, A2DP, LE, aptX HD, LDAC;Yes;Yes;GPS (L1+L5), GLONASS (L1), BDS (B1I+B1c+B2a), GALILEO (E1+E5a);No;USB Type-C 3.1, OTG, Display Port 1.2;Wi-Fi 802.11 a/b/g/n/ac/6e/7, dual-band, Wi-Fi Direct;"Cover display:
LTPO OLED, 1B colors, 120Hz, Dolby Vision, 5000 nits (peak)
6.43 inches, 1060 x 2376 pixels, 402 ppi, nanocrystal glass 2.0";King Kong Rhinoceros;2156 x 2344 pixels (~402 ppi density);7.92 inches, 201.6 cm2 (~88.6% screen-to-body ratio);Foldable LTPO AMOLED, 1B colors, HDR10+, Dolby Vision, 120Hz, 1800 nits (peak);Circle to Search;Fingerprint (side-mounted), accelerometer, gyro, proximity, compass, barometer;2024, July 12;Available. Released 2024, July 19;N/A;Laser AF, LED flash, HDR, panorama;N/A;N/A;"50 MP, f/1.6, 23mm (wide), 1/1.56"", 1.0µm, PDAF, OIS
50 MP, f/3.0, 90mm (periscope telephoto), 1/2.51"", 0.7µm, PDAF, OIS, 3.5x optical zoom
40 MP, f/2.2, 16mm, 112˚ (ultrawide), AF";4K@30/60fps (10-bit), 1080p@30/60fps, gyro-EIS, OIS;UFS 4.0;No;256GB 12GB RAM, 512GB 12GB RAM, 512GB 16GB RAM, 1TB 16GB RAM;Velvet Black, Snow, Tundra Green, Red;FCP-AN10, FCP-N49;$ 1,259.00 / € 1,389.00 / £ 1,239.00;N/A;CDMA2000 1x;GSM 850 / 900 / 1800 / 1900;HSDPA 800 / 850 / 900 / 1700(AWS) / 1900 / 2100;1, 2, 3, 4, 5, 7, 8, 12, 17, 18, 19, 20, 26, 28, 34, 38, 39, 40, 41, 66;1, 3, 5, 8, 28, 38, 41, 77, 78 SA/NSA;N/A;N/A;HSPA, LTE, 5G;GSM / CDMA / HSPA / CDMA2000 / LTE / 5G;Octa-core (1x3.3 GHz Cortex-X4 & 3x3.2 GHz Cortex-A720 & 2x3.0 GHz Cortex-A720 & 2x2.3 GHz Cortex-A520);Qualcomm SM8650-AB Snapdragon 8 Gen 3 (4 nm);Adreno 750;Android 14, upgradable to Android 15, MagicOS 9;N/A;HDR;"20 MP, f/2.2, 90˚, 21mm (wide), 0.61µm
Cover camera:
20 MP, f/2.2, 90˚, 21mm (wide), 0.61µm";4K@30fps, 1080p@30fps, gyro-EIS;24-bit/192kHz Hi-Res audio;No;Yes, with stereo speakers;N/A;Active use score 10:05h;N/A;N/A;1076 nits max brightness (measured);-28.3 LUFS (Average);"AnTuTu: 1589991 (v10)
GeekBench: 6461 (v5)
3DMark: 4759 (Wild Life Extreme)"
51;HONOR;Honor X7a;https://www.gsmarena.com/honor_x7a-12076.php;N/A;N/A;"22.5W wired
5W reverse wired";Li-Po 5330 or 6000 mAh (market/region dependent);N/A;N/A;167.5 x 76.9 x 8.3 mm (6.59 x 3.03 x 0.33 in);Nano-SIMNano-SIM + Nano-SIM;196 g (6.91 oz);5.1, A2DP, LE;N/A;Yes (market/region dependent);GPS, GLONASS, GALILEO, BDS;FM radio;USB Type-C 2.0, OTG;Wi-Fi 802.11 a/b/g/n/ac, dual-band, Wi-Fi Direct;N/A;N/A;720 x 1600 pixels, 20:9 ratio (~260 ppi density);6.75 inches, 110.0 cm2 (~85.4% screen-to-body ratio);TFT LCD;N/A;Fingerprint (side-mounted), accelerometer, proximity, compass;2023, January 04;Available. Released 2023, January 06;N/A;LED flash, HDR, panorama;"50 MP, f/1.8, (wide), PDAF
5 MP, f/2.2, (ultrawide)
2 MP, f/2.4, (macro)
2 MP, f/2.4, (depth)";N/A;N/A;1080p@30fps;N/A;microSDXC;128GB 4GB RAM, 128GB 6GB RAM;Titanium Silver, Ocean Blue, Midnight Black;RKY-LX1, RKY-LX2, RKY-LX3;$ 385.00 / € 126.27 / £ 102.89;N/A;N/A;GSM 850 / 900 / 1800 / 1900;HSDPA 850 / 900 / 1900 / 2100;LTE;N/A;N/A;N/A;HSPA, LTE;GSM / HSPA / LTE;Octa-core (4x2.3 GHz Cortex-A53 & 4x1.7 GHz Cortex-A53);Mediatek MT6765H Helio G37 (12 nm);PowerVR GE8320;Android 12, Magic UI 6.1;N/A;N/A;8 MP, f/2.0, (wide);1080p@30fps;N/A;Yes;Yes;N/A;N/A;N/A;N/A;N/A;N/A;N/A
52;HONOR;Honor X6a;https://www.gsmarena.com/honor_x6a-12442.php;N/A;N/A;22.5W wired, 31% in 20 min;Li-Po 5200 mAh;N/A;N/A;163.3 x 75.1 x 8.4 mm (6.43 x 2.96 x 0.33 in);Nano-SIM + Nano-SIM;188 g (6.63 oz);5.1, A2DP, LE;N/A;Yes;GPS, GLONASS, GALILEO, BDS;No;USB Type-C 2.0, OTG;Wi-Fi 802.11 a/b/g/n/ac, dual-band, Wi-Fi Direct;N/A;N/A;720 x 1612 pixels, 20:9 ratio (~269 ppi density);6.56 inches, 103.4 cm2 (~84.3% screen-to-body ratio);TFT LCD, 90Hz;N/A;Fingerprint (side-mounted), accelerometer, proximity, gyro;2023, July 28;Available. Released 2023, July 28;N/A;LED flash, HDR, panorama;N/A;N/A;"50 MP, f/1.8, (wide), PDAF
2 MP, f/2.4, (macro)
2 MP, f/2.4, (depth)";1080p@30fps;N/A;microSDXC;128GB 4GB RAM, 128GB 6GB RAM, 256GB 6GB RAM;Cyan Lake, Midnight Black;WDY-LX1, WDY-LX2;About 150 EUR;N/A;N/A;GSM 850 / 900 / 1800 / 1900;HSDPA 850 / 900 / 1900 / 2100;LTE;N/A;N/A;N/A;HSPA, LTE;GSM / HSPA / LTE;Octa-core (4x2.2 GHz Cortex-A53 & 4x1.7 GHz Cortex-A53);Mediatek Helio G36 (12 nm);PowerVR GE8320;Android 13, upgradable to Android 14, MagicOS 8;N/A;N/A;5 MP, f/2.2, (wide);1080p@30fps;N/A;Yes;Yes;N/A;N/A;N/A;N/A;N/A;N/A;N/A
53;HONOR;Honor X8a;https://www.gsmarena.com/honor_x8a-12113.php;N/A;N/A;22.5W wired, 50% in 30 min;Li-Po 4500 mAh;N/A;Glass front, plastic frame, plastic back;162.9 x 74.5 x 7.5 mm (6.41 x 2.93 x 0.30 in);Nano-SIM + Nano-SIM;179 g (6.31 oz);5.1, A2DP, LE;N/A;Yes (CRT-LX1 only);GPS, GLONASS, GALILEO, BDS;No;USB Type-C 2.0, OTG;Wi-Fi 802.11 a/b/g/n/ac, dual-band, Wi-Fi Direct;N/A;N/A;1080 x 2388 pixels (~391 ppi density);6.7 inches, 108.7 cm2 (~89.6% screen-to-body ratio);IPS LCD, 90Hz;Virtual proximity sensing;Fingerprint (side-mounted), accelerometer, compass;2023, February 08;Available. Released 2023, February 11;N/A;LED flash, panorama, HDR;N/A;N/A;"100 MP, f/1.9, (wide), AF
5 MP, f/2.2, (ultrawide)
2 MP, f/2.4, (macro)";1080p@30fps;N/A;No;128GB 4GB RAM, 128GB 6GB RAM, 128GB 8GB RAM, 128GB 12GB RAM, 256GB 4GB RAM, 256GB 8GB RAM;Cyan Lake, Titanium Silver, Midnight Black;CRT-LX1, CRT-LX2, CRT-LX3;$ 439.00 / € 172.99;N/A;N/A;GSM 850 / 900 / 1800 / 1900;HSDPA 850 / 900 / 2100;LTE;N/A;N/A;N/A;HSPA, LTE;GSM / HSPA / LTE;Octa-core (2x2.0 GHz Cortex-A75 & 6x1.8 GHz Cortex-A55);Mediatek MT6769H Helio G88 (12 nm);Mali-G52 MC2;Android 12, Magic UI 6.1;N/A;N/A;16 MP, f/2.5;1080p@30fps;N/A;No;Yes;N/A;N/A;N/A;N/A;N/A;N/A;N/A
54;HONOR;Honor GT;https://www.gsmarena.com/honor_gt-13569.php;N/A;N/A;"100W wired, 60% in 15 min
5W reverse wired";Si/C Li-Ion 5300 mAh;IP65 dust tight and water resistant (low pressure water jets);N/A;161 x 74.2 x 7.7 mm (6.34 x 2.92 x 0.30 in);Nano-SIM + Nano-SIM;196 g (6.91 oz);5.3, A2DP, LE, aptX HD;Yes;Yes;GPS, GALILEO, GLONASS, BDS (B1I+B1c);No;USB Type-C 2.0, OTG;Wi-Fi 802.11 a/b/g/n/ac/6/7, dual-band, Wi-Fi Direct;N/A;N/A;1200 x 2664 pixels (~436 ppi density);6.7 inches, 108.5 cm2 (~90.8% screen-to-body ratio);AMOLED, 1B colors, 120Hz, HDR, 1200 nits (HBM), 4000 nits (peak);N/A;Fingerprint (under display, optical), accelerometer, gyro, compass, ultrasound proximity;2024, December 17;Available. Released 2024, December 17;"50 MP, f/2.0, (wide), 1/1.56"", 1.0µm, PDAF, OIS
12 MP, f/2.2, 112˚ (ultrawide), AF";LED flash, HDR, panorama;N/A;N/A;N/A;4K, 1080p, gyro-EIS, OIS;UFS 4.0;No;256GB 12GB RAM, 256GB 16GB RAM, 512GB 12GB RAM, 512GB 16GB RAM, 1TB 16GB RAM;Black, White, Green;AMG-AN00;About 290 EUR;N/A;N/A;GSM 850 / 900 / 1800 / 1900;HSDPA 850 / 900 / 1900 / 2100;LTE;SA/NSA;N/A;N/A;HSPA, LTE, 5G;GSM / HSPA / LTE / 5G;8-core (1x3.3GHz Cortex-X4 & 3x3.2GHz Cortex-A720 & 2x3.0GHz Cortex-A720 & 2x2.3GHz Cortex-A520);Qualcomm SM8650-AB Snapdragon 8 Gen 3 (4 nm);Adreno 750;Android 15, MagicOS 9;N/A;HDR;16 MP, f/2.5, (wide);1080p, gyro-EIS;N/A;No;Yes, with stereo speakers;N/A;N/A;N/A;N/A;N/A;N/A;N/A
55;HONOR;Honor Pad X9;https://www.gsmarena.com/honor_pad_x9-12404.php;N/A;N/A;22.5W wired;Li-Po 7250 mAh;N/A;Glass front, aluminum frame, aluminum back;267.3 x 167.4 x 6.9 mm (10.52 x 6.59 x 0.27 in);Nano-SIM (cellular model only);495 g or 499 g (1.09 lb);5.1, A2DP, LE;N/A;No;GPS - cellular model only;No;USB Type-C, OTG;Wi-Fi 802.11 a/b/g/n/ac, dual-band;N/A;N/A;1200 x 2000 pixels, 5:3 ratio (~203 ppi density);11.5 inches, 376.4 cm2 (~84.1% screen-to-body ratio);TFT LCD, 120Hz;N/A;Accelerometer;2023, July 06;Available. Released 2023, July 06;N/A;HDR;N/A;5 MP, f/2.2, AF;N/A;1080p@30fps;N/A;No;128GB 4GB RAM;Space Gray;N/A;About 250 EUR;N/A;N/A;GSM 850 / 900 / 1800 / 1900;HSDPA 900 / 2100;LTE;N/A;N/A;N/A;HSPA, LTE - cellular model only;GSM / HSPA / LTE;Octa-core (4x2.8 GHz Cortex-A73 & 4x1.9 GHz Cortex-A53);Qualcomm SM6225 Snapdragon 685 (6 nm);Adreno 610;Android 13, MagicOS 7.1;N/A;N/A;5 MP, f/2.2;1080p@30fps;N/A;No;Yes, with stereo speakers (6 speakers);N/A;Active use score 13:17h;N/A;N/A;1603:1 contrast ratio, 452 nits max brightness (measured);-23.5 LUFS (Very good);N/A
56;HONOR;Honor X5b;https://www.gsmarena.com/honor_x5b-13463.php;N/A;N/A;10W wired;Li-Po 5200 mAh;N/A;N/A;163.9 x 75.8 x 8.7 mm (6.45 x 2.98 x 0.34 in);Nano-SIM + Nano-SIM;194 g (6.84 oz);5.1, A2DP, LE, aptX HD;N/A;No;GPS, GLONASS, GALILEO, BDS;Unspecified;USB Type-C 2.0, OTG;Wi-Fi 802.11 a/b/g/n/ac, dual-band, Wi-Fi Direct;N/A;N/A;720 x 1612 pixels, 20:9 ratio (~269 ppi density);6.56 inches, 103.4 cm2 (~83.2% screen-to-body ratio);TFT LCD, 90Hz, 530 nits (HBM);N/A;Fingerprint (side-mounted), accelerometer, proximity;2024, October 22;Available. Released 2024, October;N/A;LED flash;N/A;"13 MP, f/1.8, (wide)
Auxiliary lens";N/A;1080p@30fps;N/A;microSDXC;64GB 4GB RAM, 128GB 4GB RAM;Ocean Blue, Starry Purple, Midnight Black;N/A;About 80 EUR;N/A;N/A;GSM 850 / 900 / 1800 / 1900;HSDPA 850 / 900 / 1900 / 2100;LTE;N/A;N/A;N/A;HSPA, LTE;GSM / HSPA / LTE;Octa-core (4x2.2 GHz Cortex-A53 & 4x1.6 GHz Cortex-A53);Mediatek Helio G36 (12 nm);PowerVR GE8320;Android 14, Magic OS 8;N/A;N/A;5 MP, f/2.2, (wide);1080p@30fps;N/A;Yes;Yes;N/A;N/A;N/A;N/A;N/A;N/A;N/A
57;HONOR;Honor X9c Smart;https://www.gsmarena.com/honor_x9c_smart-13536.php;N/A;N/A;"35W wired
5W reverse wired";Li-Po 5800 mAh;Waterproof;N/A;166 x 75.8 x 7.9 mm (6.54 x 2.98 x 0.31 in);Nano-SIM + Nano-SIM;193 g (6.81 oz);5.3, A2DP, LE, aptX HD;N/A;Yes (market/region dependent);GPS, GLONASS, GALILEO, BDS;No;USB Type-C 2.0, OTG;Wi-Fi 802.11 a/b/g/n/ac, dual-band, Wi-Fi Direct;N/A;N/A;1080 x 2412 pixels, 20:9 ratio (~389 ppi density);6.8 inches, 111.3 cm2 (~88.4% screen-to-body ratio);TFT LCD, 120Hz, 850 (HBM);N/A;Fingerprint (side-mounted, optical), accelerometer, gyro, proximity (ultrasound), compass;2024, December 02;Available. Released 2024, December 08;"108 MP, f/1.8, (wide), 1/1.67"", PDAF
5 MP, f/2.2, (ultrawide)";LED flash, panorama, HDR;N/A;N/A;N/A;1080p@30fps;N/A;No;256GB 8GB RAM, 256GB 12GB RAM;Ocean Cyan, Moonlight White;N/A;N/A;N/A;N/A;GSM 850 / 900 / 1800 / 1900;HSDPA 850 / 900 / 1900 / 2100;LTE;SA/NSA;N/A;N/A;HSPA, LTE, 5G;GSM / HSPA / LTE / 5G;Octa-core (2x2.5 GHz Cortex-A78 & 6x2.0 GHz Cortex-A55);Mediatek Dimensity 7025 Ultra (6 nm);IMG BXM-8-256;Android 14, Magic OS 8;N/A;N/A;16 MP, f/2.5, (wide);1080p@30fps;N/A;No;Yes;N/A;N/A;N/A;N/A;N/A;N/A;N/A
58;HONOR;Honor Magic7 RSR Porsche Design;https://www.gsmarena.com/honor_magic7_rsr_porsche_design-13588.php;N/A;N/A;"100W wired
80W wireless
Reverse wireless
5W reverse wired";Si/C Li-Ion 5850 mAh;"IP68/IP69 dust tight and water resistant (high pressure water jets; immersible up to 1.5m for 30 min)";Glass front (NanoCrystal Shield), glass back, aluminum frame;162.7 x 77.1 x 8.8 mm (6.41 x 3.04 x 0.35 in);Nano-SIM + Nano-SIM + eSIM + eSIM (max 2 at a time) - INTNano-SIM + Nano-SIM - CN;228 g (8.04 oz);5.4, A2DP, LE, aptX HD;Yes;Yes;GPS (L1+L5), GLONASS, BDS (B1I+B1c+B2a), GALILEO (E1+E5a), QZSS (L1+L5);No;USB Type-C 3.2, DisplayPort 1.2, OTG;Wi-Fi 802.11 a/b/g/n/ac/6/7, dual-band, Wi-Fi Direct;N/A;NanoCrystal Shield;1280 x 2800 pixels, 19.5:9 ratio (~453 ppi density);6.8 inches, 112.8 cm2 (~89.9% screen-to-body ratio);LTPO OLED, 1B colors, 120Hz, 4320Hz PWM, Dolby Vision, HDR, 1600 nits (HBM), 5000 nits (peak);Emergency SOS via satellite (messages only) - China only;Fingerprint (under display, ultrasonic), Face ID, accelerometer, gyro, proximity, compass;2024, December 23;Available. Released 2024, December 24;N/A;LiDAR AF, color spectrum sensor, LED flash, HDR, panorama;N/A;N/A;"50 MP, f/1.4-2.0, 23mm (wide), 1/1.3"", 1.2µm, multi-directional PDAF, OIS
200 MP, f/1.9, 72mm (periscope telephoto), 1/1.4"", 0.56µm, multi-directional PDAF, OIS, 3x optical zoom
50 MP, f/2.0, 13mm, 122˚ (ultrawide), 1/2.88"", 0.61µm, dual pixel PDAF";4K@24/30/60fps, 1080p@30/60/120/240fps, gyro-EIS, OIS, HDR, 10-bit video;UFS 4.0;No;512GB 16GB RAM, 1TB 24GB RAM;Provence, Agate Grey;PTP-AN20;About 1050 EUR;N/A;CDMA2000 1x;GSM 850 / 900 / 1800 / 1900;HSDPA 800 / 850 / 900 / 1700(AWS) / 1900 / 2100;LTE;SA/NSA;N/A;N/A;HSPA, LTE, 5G;GSM / CDMA / HSPA / CDMA2000 / LTE / 5G;Octa-core (2x4.32 GHz Oryon V2 Phoenix L + 6x3.53 GHz Oryon V2 Phoenix M);Qualcomm SM8750-AB Snapdragon 8 Elite (3 nm);Adreno 830;Android 15, MagicOS 9;N/A;N/A;"50 MP, f/2.0, 22mm (wide), 1/2.93"", 0.6µm, AF
TOF 3D, (depth/biometrics sensor)";4K@30/60fps, 1080p@30/60fps, gyro-EIS;N/A;No;Yes, with stereo speakers;N/A;Active use score 15:11h;N/A;N/A;1510 nits max brightness (measured);-22.5 LUFS (Excellent);"AnTuTu: 2476857 (v10)
GeekBench: 9559 (v6)
3DMark: 6039 (Wild Life Extreme)"
59;HONOR;Honor 300;https://www.gsmarena.com/honor_300-13539.php;N/A;N/A;"100W wired, 53% in 15 min
5W reverse wired";Si/C Li-Ion 5300 mAh;IP65 dust tight and water resistant (low pressure water jets);N/A;161 x 74.2 x 7 mm (6.34 x 2.92 x 0.28 in);Nano-SIM + Nano-SIM;175 g (6.17 oz);5.3, A2DP, LE, aptX HD;Yes;Yes;GPS, GALILEO, GLONASS, QZSS, BDS (B1I+B1c);No;USB Type-C 2.0, OTG;Wi-Fi 802.11 a/b/g/n/ac/6, dual-band, Wi-Fi Direct;N/A;N/A;1200 x 2664 pixels (~436 ppi density);6.7 inches, 108.5 cm2 (~90.8% screen-to-body ratio);AMOLED, 1B colors, 120Hz, 1200 nits (HBM), 4000 nits (peak);N/A;Fingerprint (under display, optical), accelerometer, gyro, compass, ultrasound proximity;2024, December 02;Available. Released 2024, December 02;"50 MP, f/2.0, (wide), 1/1.56"", 1.0µm, PDAF, OIS
12 MP, f/2.2, 112˚ (ultrawide), AF";LED flash, HDR, panorama;N/A;N/A;N/A;4K, 1080p, gyro-EIS, OIS;N/A;No;256GB 8GB RAM, 256GB 12GB RAM, 512GB 12GB RAM, 512GB 16GB RAM;Black, White, Green, Purple, Gray;AMM-AN00;About 300 EUR;N/A;N/A;GSM 850 / 900 / 1800 / 1900;HSDPA 800 / 850 / 900 / 1700(AWS) / 1900 / 2100;LTE;SA/NSA;N/A;N/A;HSPA, LTE, 5G;GSM / HSPA / LTE / 5G;Octa-core (1x2.63 GHz Cortex-A715 & 3x2.4 GHz Cortex-A715 & 4x1.8 GHz Cortex-A510);Qualcomm SM7550-AB Snapdragon 7 Gen 3 (4 nm);Adreno 720;Android 15, MagicOS 9;N/A;HDR;50 MP, f/2.1, (wide);4K, 1080p, gyro-EIS;N/A;No;Yes, with stereo speakers;N/A;N/A;N/A;N/A;N/A;N/A;N/A
60;HONOR;Honor X9b;https://www.gsmarena.com/honor_x9b-12629.php;N/A;N/A;"35W wired
Reverse wired";Li-Po 5800 mAh;"IP53 dust protected and water resistant (vertical water sprays)*
* market/region dependent availability";N/A;163.6 x 75.5 x 8 mm (6.44 x 2.97 x 0.31 in);Nano-SIM + Nano-SIM;185 g (6.53 oz);5.1, A2DP, LE;Yes;Yes (market/region dependent);GPS, GLONASS, GALILEO, BDS;No;USB Type-C 2.0, OTG;Wi-Fi 802.11 a/b/g/n/ac, dual-band, Wi-Fi Direct;N/A;N/A;1220 x 2652 pixels, 19.5:9 ratio (~431 ppi density);6.78 inches, 112.6 cm2 (~91.2% screen-to-body ratio);AMOLED, 1B colors, 120Hz, 1200 nits (peak);N/A;Fingerprint (under display, optical), accelerometer, gyro, proximity, compass;2023, October 18;Available. Released 2023, October;N/A;LED flash, panorama, HDR;N/A;N/A;"108 MP, f/1.8, (wide), 1/1.67"", PDAF
5 MP, f/2.2, (ultrawide)
2 MP, f/2.4, (macro)";4K@30fps, 1080p@30fps;UFS 3.1 (market/region dependent);No;256GB 8GB RAM, 256GB 12GB RAM, 512GB 12GB RAM;Sunrise Orange, Midnight Black, Emerald Green;ALI-NX1;$ 645.00;N/A;N/A;GSM 850 / 900 / 1800 / 1900;HSDPA 850 / 900 / 1900 / 2100;1, 2, 3, 4, 5, 7, 8, 20, 28, 32, 38, 40, 41;1, 3, 7, 8, 20, 28, 38, 40, 41, 77, 78 SA/NSA;N/A;N/A;HSPA, LTE, 5G;GSM / HSPA / LTE / 5G;Octa-core (4x2.2 GHz Cortex-A78 & 4x1.8 GHz Cortex-A55);Qualcomm SM6450 Snapdragon 6 Gen 1 (4 nm);Adreno 710;Android 13, Magic OS 7.2;N/A;N/A;16 MP, f/2.5, (wide);1080p@30fps;N/A;No;Yes;N/A;N/A;N/A;N/A;N/A;N/A;N/A
61;HONOR;Honor 400 Lite;https://www.gsmarena.com/honor_400_lite-13742.php;N/A;N/A;35W wired;Li-Po 5230 mAh;IP65 dust tight and water resistant (low pressure water jets);N/A;161 x 74.6 x 7.3 mm (6.34 x 2.94 x 0.29 in);Nano-SIM + Nano-SIM + eSIM (max 2 at a time);171 g (6.03 oz);5.3, A2DP, LE;N/A;Yes (market/region dependent);GPS, GLONASS, GALILEO, BDS;Unspecified;USB Type-C 2.0, OTG;Wi-Fi 802.11 a/b/g/n/ac, dual-band, Wi-Fi Direct;N/A;N/A;1080 x 2412 pixels, 20:9 ratio (~394 ppi density);6.7 inches, 108.0 cm2 (~89.9% screen-to-body ratio);AMOLED, 120Hz, 3840Hz PWM, 3500 nits (peak);N/A;Fingerprint (under display, optical), accelerometer, compass, proximity (ultrasonic);2025, April 03;Available. Released 2025, April 08;"108 MP, f/1.8, (wide), 1/1.67"", PDAF
5 MP, f/2.2, (ultrawide)";LED flash, HDR, panorama;N/A;N/A;N/A;1080p@30fps;N/A;No;256GB 8GB RAM, 256GB 12GB RAM;Marrs Green, Velvet Black, Velvet Grey;ABR-NX1, ABR-N31C1;$ 399.00 / € 299.90 / £ 218.12;N/A;N/A;GSM 850 / 900 / 1800 / 1900;HSDPA 850 / 900 / 1900 / 2100;LTE;SA/NSA;N/A;N/A;HSPA, LTE, 5G;GSM / HSPA / LTE / 5G;Octa-core (2x2.5 GHz Cortex-A78 & 6x2.0 GHz Cortex-A55);Mediatek Dimensity 7025 Ultra (6 nm);IMG BXM-8-256;Android 15, up to 6 major Android upgrades, MagicOS 9;N/A;N/A;16 MP, f/2.5, (wide);1080p@30fps;N/A;No;Yes;N/A;N/A;N/A;N/A;N/A;N/A;N/A
62;HONOR;Honor Magic6 Pro;https://www.gsmarena.com/honor_magic6_pro-12786.php;N/A;N/A;"80W wired
66W wireless
Reverse wireless
5W reverse wired";Si/C Li-Ion 5600 mAh;IP68 dust tight and water resistant (immersible up to 1.5m for 30 min);Glass front (NanoCrystal Shield), glass back or silicone polymer back (eco leather);162.5 x 75.8 x 8.9 mm (6.40 x 2.98 x 0.35 in);Nano-SIM + eSIMNano-SIM + Nano-SIM;225 g or 229 g (7.94 oz);5.3, A2DP, LE, aptX HD;Yes;Yes;GPS (L1+L5), GLONASS, BDS (B1I+B1c+B2a), GALILEO (E1+E5a);No;USB Type-C 3.2, DisplayPort 1.2, OTG;Wi-Fi 802.11 a/b/g/n/ac/6/7, dual-band, Wi-Fi Direct;N/A;NanoCrystal Shield;1280 x 2800 pixels, 19.5:9 ratio (~453 ppi density);6.8 inches, 112.8 cm2 (~91.6% screen-to-body ratio);LTPO OLED, 1B colors, 120Hz, Dolby Vision, HDR, 1600 nits (HBM), 5000 nits (peak);Emergency SOS via satellite (messages and calls);Fingerprint (under display, optical), Face ID, accelerometer, gyro, proximity, compass;2024, January 11;Available. Released 2024, January 18;N/A;Laser AF, color spectrum sensor, LED flash, HDR, panorama;N/A;N/A;"50 MP, f/1.4-2.0, 23mm (wide), 1/1.3"", 1.2µm, PDAF, OIS
180 MP, f/2.6, (periscope telephoto), 1/1.49"", 0.56µm, PDAF, OIS, 2.5x optical zoom
50 MP, f/2.0, 13mm, 122˚ (ultrawide), 1/2.88"", 0.61µm, AF";4K@24/30/60fps, 1080p@30/60/120/240fps, gyro-EIS, OIS, HDR, 10-bit video;UFS 4.0;No;256GB 12GB RAM, 256GB 16GB RAM, 512GB 12GB RAM, 512GB 16GB RAM, 1TB 16GB RAM;Black, Green, Blue, Purple, White;BVL-AN16, BVL-N49;$ 875.00 / € 594.35 / £ 729.00 / ₹ 84,998;N/A;CDMA2000 1x;GSM 850 / 900 / 1800 / 1900;HSDPA 800 / 850 / 900 / 1700(AWS) / 1900 / 2100;LTE;SA/NSA;N/A;N/A;HSPA, LTE, 5G;GSM / CDMA / HSPA / CDMA2000 / LTE / 5G;Octa-core (1x3.3 GHz Cortex-X4 & 3x3.2 GHz Cortex-A720 & 2x3.0 GHz Cortex-A720 & 2x2.3 GHz Cortex-A520);Qualcomm SM8650-AB Snapdragon 8 Gen 3 (4 nm);Adreno 750;Android 14, up to 4 major Android upgrades, MagicOS 8;N/A;N/A;"50 MP, f/2.0, 22mm (wide), 1/2.93"", 0.6µm, AF
TOF 3D, (depth/biometrics sensor)";4K@30fps, 1080p@30/60fps, gyro-EIS;N/A;No;Yes, with stereo speakers;N/A;Active use score 14:06h;N/A;N/A;1578 nits max brightness (measured);-25.6 LUFS (Very good);"AnTuTu: 2017400 (v10)
GeekBench: 6787 (v6)
3DMark: 5254 (Wild Life Extreme)"
63;HONOR;Honor 90;https://www.gsmarena.com/honor_90-12297.php;N/A;N/A;"66W wired
5W reverse wired";Li-Po 5000 mAh;N/A;N/A;161.9 x 74.1 x 7.8 mm (6.37 x 2.92 x 0.31 in);Nano-SIM + eSIMNano-SIM + Nano-SIM;183 g (6.46 oz);5.2, A2DP, LE, aptX HD;N/A;Yes;GPS, GALILEO, GLONASS, BDS, QZSS;No;USB Type-C 2.0, OTG;Wi-Fi 802.11 a/b/g/n/ac/6, dual-band, Wi-Fi Direct;N/A;N/A;1200 x 2664 pixels (~435 ppi density);6.7 inches, 108.9 cm2 (~90.8% screen-to-body ratio);AMOLED, 1B colors, 120Hz, HDR10+, 1600 nits (peak);N/A;Fingerprint (under display, optical), accelerometer, gyro, compass, ultrasound proximity;2023, May 29;Available. Released 2023, June 07;N/A;LED flash, HDR, panorama;N/A;N/A;"200 MP, f/1.9, (wide), 1/1.4"", 0.56µm, PDAF
12 MP, f/2.2, 112˚ (ultrawide), AF
2 MP, f/2.4, (depth)";4K@30fps, 1080p@30/60fps, gyro-EIS;N/A;No;256GB 8GB RAM, 256GB 12GB RAM, 256GB 16GB RAM, 512GB 8GB RAM, 512GB 12GB RAM, 512GB 16GB RAM;Midnight Black, Emerald Green, Diamond Silver, Peacock Blue;REA-AN00, REA-NX9;$ 384.99 / € 226.95 / £ 269.99 / ₹ 27,999;N/A;CDMA2000 1x;GSM 850 / 900 / 1800 / 1900;HSDPA 800 / 850 / 900 / 1700(AWS) / 1900 / 2100;1, 3, 4, 5, 8, 19, 28, 34, 38, 39, 40, 41;1, 5, 8, 28, 41, 77, 78 SA/NSA;N/A;N/A;HSPA, LTE, 5G;GSM / CDMA / HSPA / CDMA2000 / LTE / 5G;Octa-core (1x2.5 GHz Cortex-A710 & 3x2.36 GHz Cortex-A710 & 4x1.8 GHz Cortex-A510);Qualcomm Snapdragon 7 Gen 1 Accelerated Edition (4 nm);Adreno 644;Android 13, upgradable to Android 14, MagicOS 8;N/A;HDR;50 MP, f/2.4, 100˚, (ultrawide);4K@30fps, 1080p@30fps, gyro-EIS;N/A;No;Yes;N/A;Active use score 10:28h;Endurance rating 95h;Photo / Video;1176 nits max brightness (measured);-29.9 LUFS (Average);"AnTuTu: 575122 (v9), 694546 (v10)
GeekBench: 3011 (v5), 2888 (v6)
GFXBench: 32fps (ES 3.1 onscreen)"
