No;Brand;Device Name;Product URL;Estimated_Price;Popularity_Fans;Battery_Charging;Battery_Standby;Battery_Talktime;Battery_Type;Body_;Body_Build;Body_Dimensions;Body_SIM;Body_Weight;Comms_Bluetooth;Comms_NFC;Comms_Positioning;Comms_Radio;Comms_USB;Comms_WLAN;Display_;Display_Resolution;Display_Size;Display_Type;Features_;Features_Sensors;Launch_Announced;Launch_Status;MainCamera_;MainCamera_Dual;MainCamera_Features;MainCamera_Single;MainCamera_Video;Memory_;Memory_Cardslot;Memory_Internal;Misc_Colors;Misc_Models;Misc_Price;Network_;Network_2Gbands;Network_3Gbands;Network_4Gbands;Network_5Gbands;Network_EDGE;Network_GPRS;Network_Speed;Network_Technology;Platform_CPU;Platform_Chipset;Platform_GPU;Platform_OS;Selfiecamera_Single;Selfiecamera_Video;Sound_;Sound_35mmjack;Sound_Loudspeaker;Tests_Performance
1;Lenovo;Lenovo Tab P11 Plus;https://www.gsmarena.com/lenovo_tab_p11_plus-10990.php;N/A;N/A;20W wired;N/A;N/A;Li-Po 7700 mAh;Stylus support;N/A;258.4 x 163 x 7.5 mm (10.17 x 6.42 x 0.30 in);Nano-SIM (cellular model only);490 g (1.08 lb);5.1, A2DP, LE;No;GPS, GLONASS, BDS - cellular model only;FM radio;USB Type-C 2.0;Wi-Fi 802.11 a/b/g/n/ac, dual-band, Wi-Fi Direct;N/A;1200 x 2000 pixels, 5:3 ratio (~212 ppi density);11.0 inches, 344.4 cm2 (~81.8% screen-to-body ratio);IPS LCD, 400 nits (typ);N/A;Accelerometer, gyro, proximity;2021, June 28;Available. Released 2021, July 29;N/A;N/A;LED flash;13 MP, (wide), AF;1080p@30fps;N/A;microSDXC (dedicated slot);64GB 4GB RAM, 128GB 4GB RAM, 128GB 6GB RAM;Slate Grey, Platinum Grey, Modernist teal;ZA940124SE;About 300 EUR;N/A;GSM 850 / 900 / 1800 / 1900;HSDPA 850 / 900 / 1900 / 2100;1, 2, 3, 4, 5, 7, 8, 20, 28, 38, 40, 41;N/A;N/A;N/A;HSPA, LTE - cellular model only;GSM / HSPA / LTE;Octa-core (2x2.05 GHz Cortex-A76 & 6x2.0 GHz Cortex-A55);Mediatek MT6785 Helio G90T (12 nm);Mali-G76 MC4;Android 11;8 MP, (wide);1080p@30fps;N/A;No;Yes, with stereo speakers (4 speakers);N/A
2;Lenovo;Lenovo Pad Pro 2022;https://www.gsmarena.com/lenovo_pad_pro_2022-11783.php;N/A;N/A;30W wired, QC3;N/A;N/A;Li-Po 8200 mAh;Stylus support (magnetic);Glass front, aluminum frame, aluminum back;6.8 mm thickness;No;480 g (1.06 lb);Yes;No;GPS;No;USB Type-C 3.2, OTG, magnetic connector, video output;Wi-Fi 802.11 a/b/g/n/ac/6, dual-band, Wi-Fi Direct;N/A;1536 x 2560 pixels, 5:3 ratio (~267 ppi density);11.2 inches, 357.0 cm2;OLED, HDR10+, Dolby Vision, 120Hz, 420 nits (typ), 600 nits (peak);N/A;Unspecified;2022, August 19;Available. Released 2022, August 19;N/A;N/A;LED flash;13 MP, (wide), AF;1080p@30fps;N/A;microSDXC (dedicated slot);128GB 6GB RAM, 128GB 8GB RAM;Gray, Gold;N/A;About 320 EUR;N/A;N/A;N/A;N/A;N/A;No;No;N/A;No cellular connectivity;Octa-core (4x2.6 GHz Cortex-A78 & 4x2.0 GHz Cortex-A55);Mediatek MT8797 Kompanio 1300T (6 nm);Mali-G77 MC9;Android 12, ZUI 14;8 MP;1080p@30fps;Tuned by JBL;No;Yes, with stereo speakers (4 speakers);N/A
3;Lenovo;Lenovo Tab P12 Pro;https://www.gsmarena.com/lenovo_tab_p12_pro-11090.php;N/A;N/A;45W wired, QC4;N/A;N/A;Li-Po 10200 mAh;Stylus support;N/A;285.6 x 184.5 x 5.6 mm (11.24 x 7.26 x 0.22 in);Nano-SIM (cellular model only);565 g (1.25 lb);5.2, A2DP, LE;Yes (wireless charging and data transfer only);GPS, GLONASS, BDS - cellular model only;Unspecified;USB Type-C 3.1;Wi-Fi 802.11 a/b/g/n/ac/6, dual-band, Wi-Fi Direct;N/A;1600 x 2560 pixels, 16:10 ratio (~240 ppi density);12.6 inches, 460.3 cm2 (~87.4% screen-to-body ratio);AMOLED, 120Hz, HDR10+, Dolby Vision, 600 nits (HBM);N/A;Fingerprint (side-mounted), accelerometer, gyro, proximity;2021, September 08;Available. Released 2021, November 19;N/A;"13 MP, (wide), AF
5 MP, (ultrawide)";N/A;N/A;4K@30fps, 1080p@30fps;N/A;microSDXC (dedicated slot);128GB 6GB RAM, 256GB 8GB RAM;Storm Grey;TB-Q706Z, TB-Q706F;About 520 EUR;N/A;GSM 850 / 900 / 1800 / 1900;HSDPA 850 / 900 / 1900 / 2100;1, 2, 3, 4, 5, 7, 8, 19, 20, 26, 28, 34, 38, 39, 40, 41;1, 3, 7, 8, 20, 28, 38, 41, 77, 78 SA/NSA/Sub6;N/A;N/A;HSPA, LTE, 5G - cellular model only;GSM / HSPA / LTE / 5G;Octa-core (1x3.2 GHz Kryo 585 & 3x2.42 GHz Kryo 585 & 4x1.80 GHz Kryo 585);Qualcomm SM8250-AC Snapdragon 870 5G (7 nm);Adreno 650;Android 11;"8 MP, (wide)
8 MP, IR TOF 3D, (biometrics sensor only)";1080p@30fps;JBL speakers;No;Yes, with stereo speakers (4 speakers);N/A
4;Lenovo;Lenovo Yoga Tab 11;https://www.gsmarena.com/lenovo_yoga_tab_11-10988.php;N/A;N/A;20W wired;N/A;N/A;Li-Po 7700 mAh;"Built-in stainless steel kickstand
Stylus support";Glass front, aluminum frame, aluminum back;256.8 mm x 169 mm x 7.9-8.3 mm;Nano-SIM (cellular model only);655 g (1.44 lb);5.0, A2DP, LE;No;GPS, GLONASS - cellular model only;No;USB Type-C 2.0;Wi-Fi 802.11 a/b/g/n/ac, dual-band, Wi-Fi Direct;N/A;1200 x 2000 pixels, 5:3 ratio (~212 ppi density);11.0 inches, 344.4 cm2 (~79.4% screen-to-body ratio);IPS LCD, Dolby Vision, 400 nits;N/A;Face recognition, accelerometer, gyro;2021, June 28;Available. Released 2021, June 31;N/A;N/A;N/A;8 MP, AF;1080p@30fps;N/A;microSDXC;128GB 4GB RAM, 256GB 8GB RAM;Storm Gray;N/A;About 350 EUR;N/A;GSM 850 / 900 / 1800 / 1900;HSDPA 850 / 900 / 1700(AWS) / 1900 / 2100;LTE;N/A;N/A;N/A;HSPA, LTE - cellular model only;GSM / HSPA / LTE;Octa-core (2x2.05 GHz Cortex-A76 & 6x2.0 GHz Cortex-A55);Mediatek MT6785 Helio G90T (12 nm);Mali-G76 MC4;Android 11;"8 MP
TOF 3D, (biometrics sensor)";1080p@30fps;Tuned by JBL;No;Yes, with stereo speakers (4 speakers);N/A
5;Lenovo;Lenovo Legion Tab;https://www.gsmarena.com/lenovo_legion_tab-13266.php;N/A;N/A;45W wired;N/A;N/A;Li-Po 6550 mAh;N/A;N/A;208.5 x 129.5 x 7.6 mm (8.21 x 5.10 x 0.30 in);No;350 g (12.35 oz);5.3, A2DP, LE;No;No;Unspecified;2x USB Type-C 3.1 Gen2, DisplayPort 1.4;Wi-Fi 802.11 a/b/g/n/ac/6e, dual-band, Wi-Fi Direct;N/A;1600 x 2560 pixels, 16:10 ratio (~343 ppi density);8.8 inches, 224.5 cm2 (~83.2% screen-to-body ratio);IPS LCD, 144Hz, Dolby Vision, HDR10, 500 nits (typ);N/A;Accelerometer, gyro, proximity, compass;2024, August 13;Available. Released 2024, August 15;N/A;"13 MP, (wide)
2 MP, (macro)";LED flash;N/A;1080p@30fps;UFS 3.1;microSDXC (dedicated slot);256GB 12GB RAM;Storm Grey;ZACW0029IN;About 380 EUR;N/A;N/A;N/A;N/A;N/A;No;No;N/A;No cellular connectivity;Octa-core (1x3.19 GHz Cortex-X2 & 3x2.75 GHz Cortex-A710 & 4x1.80 GHz Cortex-A510);Qualcomm SM8475P Snapdragon 8+ Gen 1 (4 nm);Adreno 730;Android 13;8 MP;1080p@30fps;Tuned by JBL;No;Yes, with stereo speakers;N/A
6;Lenovo;Lenovo Tab P12;https://www.gsmarena.com/lenovo_tab_p12-12443.php;N/A;N/A;30W wired, QC4;N/A;N/A;Li-Po 10200 mAh;Stylus support;N/A;293.3 x 190.7 x 6.9 mm (11.55 x 7.51 x 0.27 in);No;615 g (1.36 lb);5.1, A2DP, LE;No;No;No;USB Type-C 2.0;Wi-Fi 802.11 a/b/g/n/ac/6, dual-band, Wi-Fi Direct;N/A;1840 x 2944 pixels, 16:10 ratio (~273 ppi density);12.7 inches, 467.7 cm2 (~83.6% screen-to-body ratio);IPS LCD;N/A;Fingerprint (side-mounted), accelerometer, gyro, compass;2023, July 28;Available. Released 2023, July 28;N/A;N/A;LED flash;8 MP, (wide), AF;4K@30fps, 1080p@30fps;UFS 2.2;microSDXC (dedicated slot);128GB 4GB RAM, 128GB 8GB RAM, 256GB 8GB RAM;Storm Grey, Oat;N/A;About 400 EUR;N/A;N/A;N/A;N/A;N/A;No;No;N/A;No cellular connectivity;Octa-core (2x2.6 GHz Cortex-A78 & 6x2.0 GHz Cortex-A55);Mediatek Dimensity 7050 (6 nm);Mali-G68 MC4;Android 13;13 MP, (ultrawide);1080p@30fps;JBL speakers;No;Yes, with stereo speakers (4 speakers);N/A
7;Lenovo;Lenovo Legion Y700 (2025);https://www.gsmarena.com/lenovo_legion_y700_(2025)-13438.php;N/A;N/A;"68W wired
Bypass charging";N/A;N/A;Li-Po 6550 mAh;N/A;Glass front, aluminum frame, aluminum back;208.5 x 129.5 x 7.8 mm (8.21 x 5.10 x 0.31 in);No;350 g (12.35 oz);5.4, A2DP, LE;No;No;Unspecified;1x USB Type-C & 1x USB Type-C 3.1 Gen2, DisplayPort 1.4;Wi-Fi 802.11 a/b/g/n/ac/6/7, dual-band or tri-band, Wi-Fi Direct;N/A;1600 x 2560 pixels, 16:10 ratio (~343 ppi density);8.8 inches, 224.5 cm2 (~83.2% screen-to-body ratio);IPS LCD, 165Hz, Dolby Vision, HDR10, 500 nits (typ), 900 nits (HBM);N/A;Accelerometer, gyro, proximity, compass;2024, October 16;Available. Released 2024, October;N/A;"13 MP, (wide)
2 MP, (macro)";LED flash;N/A;1080p@30fps;UFS 4.0;No;256GB 12GB RAM, 512GB 16GB RAM;Eclipse Black;N/A;About 500 EUR;N/A;N/A;N/A;N/A;N/A;No;No;N/A;No cellular connectivity;Octa-core (1x3.3 GHz Cortex-X4 & 3x3.2 GHz Cortex-A720 & 2x3.0 GHz Cortex-A720 & 2x2.3 GHz Cortex-A520);Qualcomm SM8650-AB Snapdragon 8 Gen 3 (4 nm);Adreno 750;Android 14, up to 3 major Android upgrades;8 MP;1080p@30fps;Tuned by JBL;No;Yes, with stereo speakers;N/A
8;Lenovo;Lenovo Yoga Smart Tab;https://www.gsmarena.com/lenovo_yoga_smart_tab-9959.php;N/A;N/A;10W wired;N/A;N/A;Li-Po 7000 mAh, non-removable;Built-in 3-stage kickstand;N/A;242mm x 166mm x 8.5-24mm;No;580 g (1.28 lb);4.2, A2DP;No;No;No;USB Type-C 2.0;Wi-Fi 802.11 b/g/n/ac, Wi-Fi Direct;N/A;1200 x 1920 pixels, 16:10 ratio (~224 ppi density);10.1 inches, 295.8 cm2 (~73.6% screen-to-body ratio);IPS LCD;N/A;Accelerometer;2019, October. Released 2019, October;Discontinued;N/A;N/A;N/A;8 MP, AF;1080p@30fps;eMMC 5.1;microSDXC (dedicated slot);64GB 4GB RAM;Iron Grey;YT-X705X;About 320 EUR;N/A;N/A;N/A;N/A;N/A;No;No;N/A;No cellular connectivity;Octa-core (4x1.95 GHz Cortex-A53 & 4x1.45 GHz Cortex A53);Qualcomm SDM439 Snapdragon 439 (12 nm);Adreno 505;Android 9.0 (Pie);5 MP;1080p@30fps;N/A;Yes;Yes, with stereo speakers;N/A
9;Lenovo;Lenovo M10 FHD REL;https://www.gsmarena.com/lenovo_m10_fhd_rel-10049.php;N/A;N/A;N/A;N/A;N/A;Li-Po 7000 mAh;N/A;N/A;-;Yes - cellular model only;520 g (1.15 lb);4.2, A2DP;No;GPS - cellular model only;FM radio;microUSB 2.0;Wi-Fi 802.11 a/b/g/n/ac, dual-band, Wi-Fi Direct;N/A;1200 x 1920 pixels, 16:10 ratio (~224 ppi density);10.1 inches, 295.8 cm2;IPS LCD, 320 nits (typ);N/A;Accelerometer;2020, January 24;Available. Released 2020, January 24;N/A;N/A;N/A;8 MP, AF;1080p@30fps;eMMC 5.1;microSDXC (dedicated slot);32GB 3GB RAM;Black;TB-X605FC, TB-X605LC, ZA4Y0079IN, TB-X605M, TB-X605L;About 180 EUR;N/A;N/A;N/A;LTE;N/A;No;No;HSPA 21.1/5.76 Mbps, LTE Cat4 150/50 Mbps - cellular model only;LTE;Octa-core 1.8 GHz Cortex-A53;Qualcomm SDM450 Snapdragon 450 (14 nm);Adreno 506;Android 9.0 (Pie);5 MP;;N/A;Yes;Yes, with stereo speakers;N/A
10;Lenovo;Lenovo Tab M7 (3rd Gen);https://www.gsmarena.com/lenovo_tab_m7_(3rd_gen)-10992.php;N/A;N/A;N/A;N/A;N/A;Li-Po 3750 mAh;N/A;Glass front, aluminum back, aluminum frame;176.2 x 102.3 x 8.3 mm (6.94 x 4.03 x 0.33 in);Nano-SIM (cellular model only);237 g (8.36 oz);5.0, A2DP, LE;No;GPS - cellular model only;FM radio;microUSB 2.0, OTG;Wi-Fi 802.11 a/b/g/n/ac, dual-band, Wi-Fi Direct;N/A;600 x 1024 pixels, 16:9 ratio (~170 ppi density);7.0 inches, 137.9 cm2 (~76.5% screen-to-body ratio);TDDI IPS LCD, 350 nits (typ);N/A;Accelerometer;2021, June 28;Available. Released 2021, June 31;N/A;N/A;N/A;2 MP;720p;eMMC 5.1;microSDHC (dedicated slot);32GB 2GB RAM;Iron Grey;ZA8C0027US, TB-7306X;About 120 EUR;N/A;GSM 850 / 900 / 1800 / 1900;HSDPA 850 / 900 / 1900 / 2100;1, 2, 3, 4, 5, 7, 8, 19, 20, 28, 38, 40, 41;N/A;N/A;N/A;HSPA, LTE - cellular model only;GSM / HSPA / LTE;Octa-core 2.0 GHz;Mediatek MT8166 - Wi-Fi versionMediatek MT8766 - LTE version;N/A;Android 11 (Go edition);2 MP;720p;N/A;Yes;Yes;N/A
11;Lenovo;Lenovo Tab M9;https://www.gsmarena.com/lenovo_tab_m9-12052.php;N/A;N/A;10W wired;N/A;N/A;Li-Po 5100 mAh;N/A;N/A;215.4 x 136.8 x 8 mm (8.48 x 5.39 x 0.31 in);Nano-SIM (cellular model only);344 g (12.13 oz);5.1, A2DP, LE;No;GPS, GLONASS, GALILEO - cellular model only;Unspecified;USB Type-C 2.0;Wi-Fi 802.11 a/b/g/n/ac, dual-band, Wi-Fi Direct;N/A;800 x 1340 pixels, 5:3 ratio (~173 ppi density);9.0 inches, 230.0 cm2 (~78.1% screen-to-body ratio);IPS LCD, 400 nits (typ);N/A;Accelerometer, proximity;2022, December 20;Available. Released 2023, March 14;N/A;N/A;N/A;8 MP, AF;1080p;eMMC 5.1;microSDXC (dedicated slot);32GB 3GB RAM, 64GB 4GB RAM, 128GB 4GB RAM;Arctic Grey, Frost Blue;TB310FU;About 180 EUR;N/A;GSM 850 / 900 / 1800 / 1900;HSDPA 850 / 900 / 1700(AWS) / 1900 / 2100;1, 2, 3, 4, 5, 7, 8, 18, 19, 20, 26, 28, 38, 40, 41, 66;N/A;N/A;N/A;HSPA, LTE - cellular model only;GSM / HSPA / LTE;Octa-core (2x2.0 GHz Cortex-A75 & 6x1.8 GHz Cortex-A55);Mediatek MT6769V/CU Helio G80 (12 nm);Mali-G52 MC2;Android 12;2 MP;720p;N/A;Yes;Yes, with dual speakers;N/A
12;Lenovo;Lenovo Pad;https://www.gsmarena.com/lenovo_pad-10926.php;N/A;N/A;20W wired, QC3;N/A;N/A;Li-Po 7700 mAh;Stylus support;Glass front, plastic frame, plastic back;258.4 x 163 x 7.5 mm (10.17 x 6.42 x 0.30 in);No;490 g (1.08 lb);5.0, A2DP, LE;No;GPS, BDS;No;USB Type-C 2.0, OTG, magnetic connector;Wi-Fi 802.11 a/b/g/n/ac, dual-band, Wi-Fi Direct;N/A;1200 x 2000 pixels, 5:3 ratio (~212 ppi density);11.0 inches, 344.4 cm2 (~81.8% screen-to-body ratio);TDDI IPS LCD, 400 nits (typ);N/A;Face recognition, accelerometer, gyro, proximity;2021, May 24;Available. Released 2021, June 01;N/A;N/A;LED flash;13 MP, AF;1080p@30fps;UFS 2.1;microSDXC (dedicated slot);64GB 4GB RAM, 128GB 6GB RAM;Gray;ZA7R0232CN;About 140 EUR;N/A;N/A;N/A;N/A;N/A;No;No;N/A;No cellular connectivity;Octa-core (4x2.0 GHz Kryo 260 Gold & 4x1.8 GHz Kryo 260 Silver);Qualcomm SM6115 Snapdragon 662 (11 nm);Adreno 610;Android 11, ZUI 12.5;"8 MP
TOF 3D, (depth/biometrics sensor)";1080p@30fps;N/A;No;Yes, with stereo speakers (4 speakers);N/A
13;Lenovo;Lenovo Legion Y700;https://www.gsmarena.com/lenovo_legion_y700-11394.php;N/A;N/A;45W wired, 100% in 45 min;N/A;N/A;Li-Po 6550 mAh;N/A;N/A;207.1 x 128.1 x 7.9 mm (8.15 x 5.04 x 0.31 in);Nano-SIM (cellular model only);375 g (13.23 oz);5.1, A2DP, LE;No;No;Unspecified;USB Type-C 3.1 Gen2;Wi-Fi 802.11 a/b/g/n/ac/6, dual-band, Wi-Fi Direct;N/A;1600 x 2560 pixels, 16:10 ratio (~343 ppi density);8.8 inches, 224.5 cm2 (~84.6% screen-to-body ratio);IPS LCD, 120Hz, Dolby Vision, HDR10, 500 nits (typ);N/A;Accelerometer, gyro, proximity, compass;2022, March 01;Available. Released 2022, March 10;N/A;N/A;LED flash;13 MP;1080p@30fps;UFS 3.1;microSDXC (dedicated slot);128GB 8GB RAM, 256GB 12GB RAM;Gray;TB-9707F;About 360 EUR;N/A;GSM 850 / 900 / 1800 / 1900;HSDPA 850 / 900 / 1900 / 2100;LTE;N/A;N/A;N/A;HSPA, LTE - cellular model only;GSM / HSPA / LTE;Octa-core (1x3.2 GHz Kryo 585 & 3x2.42 GHz Kryo 585 & 4x1.80 GHz Kryo 585);Qualcomm SM8250-AC Snapdragon 870 5G (7 nm);Adreno 650;Android 12, ZUI 13;8 MP;1080p@30fps;Tuned by JBL;Yes;Yes, with stereo speakers;N/A
14;Lenovo;Lenovo Yoga Tab Plus;https://www.gsmarena.com/lenovo_yoga_tab_plus-13666.php;N/A;N/A;"45W wired
Reverse wired";N/A;N/A;Li-Po 10200 mAh;"Stylus support (Lenovo Tab Pen Pro)
IP53 dust protected and water resistant (vertical water sprays)";Glass front, aluminum frame, aluminum back;290.9 x 188.3 x 8.5 mm (11.45 x 7.41 x 0.33 in);No;640 g (1.41 lb);5.4, A2DP, LE;No;No;No;USB Type-C 3.1, OTG, DisplayPort, accessory connector;Wi-Fi 802.11 a/b/g/n/ac/6/7, dual-band, Wi-Fi Direct;Anti-reflection coating;2944 x 1840 pixels, 16:10 ratio (~273 ppi density);12.7 inches, 467.7 cm2 (~85.4% screen-to-body ratio);IPS LCD, 144Hz, Dolby Vision, 650 nits (typ), 900 nits (peak);N/A;Fingerprint (side-mounted), accelerometer, gyro, proximity (accessories only);2025, January 07;Available. Released 2025, February 01;N/A;"13 MP, (wide), AF
2 MP, (macro)";LED flash;N/A;Yes;UFS 4.0;No;256GB 16GB RAM, 512GB 16GB RAM;Seashell, Tidal teal;ZAEG0096US;About 600 EUR;N/A;N/A;N/A;N/A;N/A;No;No;N/A;No cellular connectivity;Octa-core (1x3.3 GHz Cortex-X4 & 3x3.2 GHz Cortex-A720 & 2x3.0 GHz Cortex-A720 & 2x2.3 GHz Cortex-A520);Qualcomm SM8650-AB Snapdragon 8 Gen 3 (4 nm);Adreno 750;Android 14, up to 3 major Android upgrades;13 MP, 101˚ (ultrawide);1080p@30fps;Harman Kardon sound;No;Yes, with stereo speakers (6 speakers);N/A
15;Lenovo;Lenovo Tab M8 (HD);https://www.gsmarena.com/lenovo_tab_m8_(hd)-9825.php;N/A;N/A;N/A;N/A;N/A;Li-Po 5000 mAh, non-removable;N/A;Glass front, aluminum back, aluminum frame;199.1 x 121.8 x 8.2 mm (7.84 x 4.80 x 0.32 in);Nano-SIM (cellular model only);305 g (10.76 oz);5.0, A2DP, LE;No;GPS, GLONASS, BDS - cellular model only;FM radio;microUSB 2.0, OTG;Wi-Fi 802.11 a/b/g/n/ac, dual-band, Wi-Fi Direct;N/A;800 x 1280 pixels, 16:10 ratio (~189 ppi density);8.0 inches, 185.6 cm2 (~76.5% screen-to-body ratio);IPS LCD;N/A;Accelerometer, proximity;2019, September. Released 2019, October;Discontinued;N/A;N/A;N/A;5 MP, AF;1080p;eMMC 5.1;microSDXC (dedicated slot);16GB 2GB RAM, 32GB 3GB RAM;Iron Grey, Platinum Grey;TB-8505X, TB-8505F, TB-8505FS;About 140 EUR;1, 3, 5, 7, 8, 19, 34, 38, 39, 40, 41;GSM 850 / 900 / 1800 / 1900;HSDPA 850 / 900 / 1900 / 2100;1, 2, 3, 4, 5, 7, 8, 19, 20, 38, 40;N/A;N/A;N/A;HSPA, LTE - cellular model only;GSM / HSPA / LTE;Quad-core 2.0 GHz Cortex-A53;Mediatek MT6761 Helio A22 (12 nm);PowerVR GE8320;Android 9.0 (Pie);2 MP;720p;N/A;Yes;Yes;N/A
16;Lenovo;Lenovo Tab M10 HD Gen 2;https://www.gsmarena.com/lenovo_tab_m10_hd_gen_2-10406.php;N/A;N/A;10W wired;N/A;N/A;Li-Po 5000 mAh;N/A;N/A;241.5 x 149.4 x 8.3 mm (9.51 x 5.88 x 0.33 in);Nano-SIM (cellular model only);420 g (14.82 oz);5.0, LE;No;GPS, GLONASS - cellular model only;FM radio;USB Type-C 2.0, OTG, magnetic connector;Wi-Fi 802.11 a/b/g/n/ac, dual-band, Wi-Fi Direct;N/A;800 x 1280 pixels, 16:10 ratio (~149 ppi density);10.1 inches, 295.8 cm2 (~82.0% screen-to-body ratio);IPS LCD, 400 nits (typ);N/A;Accelerometer, proximity;2020, August 31;Available. Released 2020, November;N/A;N/A;N/A;8 MP, AF;1080p@30fps;eMMC 5.1;microSDXC (dedicated slot);32GB 2GB RAM, 64GB 4GB RAM;Iron Gray, Platinum Gray;TB-X306X;About 170 EUR;N/A;GSM 850 / 900 / 1800 / 1900;HSDPA 800 / 850 / 900 / 1900 / 2100;1, 2, 3, 4, 5, 7, 8, 19, 20, 28, 38, 40;N/A;N/A;N/A;HSPA, LTE - cellular model only;GSM / HSPA / LTE;Octa-core (4x2.3 GHz Cortex-A53 & 4x1.8 GHz Cortex-A53);Mediatek MT6762 Helio P22T (12 nm);PowerVR GE8320;Android 10;5 MP;;N/A;Yes;Yes, with stereo speakers;N/A
17;Lenovo;Lenovo Legion Y700 (2023);https://www.gsmarena.com/lenovo_legion_y700_(2023)-12476.php;N/A;N/A;45W wired;N/A;N/A;Li-Po 6550 mAh;N/A;N/A;208.9 x 129.5 x 7.6 mm (8.22 x 5.10 x 0.30 in);No;350 g (12.35 oz);Yes;No;No;Unspecified;2x USB Type-C 3.1 Gen2, DisplayPort 1.4;Wi-Fi 802.11 a/b/g/n/ac/6, dual-band, Wi-Fi Direct;N/A;1600 x 2560 pixels, 16:10 ratio (~343 ppi density);8.8 inches, 224.5 cm2 (~83.0% screen-to-body ratio);IPS LCD, 144Hz, Dolby Vision, HDR10, 500 nits (typ);N/A;Accelerometer, gyro, proximity, compass;2023, July 22;Available. Released 2023, July 22;N/A;"13 MP, (wide)
2 MP, (macro)";LED flash;N/A;1080p@30fps;UFS;microSDXC (dedicated slot);256GB 12GB RAM, 512GB 16GB RAM;Gray;N/A;About 600 EUR;N/A;N/A;N/A;N/A;N/A;No;No;N/A;No cellular connectivity;Octa-core (1x3.19 GHz Cortex-X2 & 3x2.75 GHz Cortex-A710 & 4x1.80 GHz Cortex-A510);Qualcomm SM8475P Snapdragon 8+ Gen 1 (4 nm);Adreno 730;Android 13, ZUI 14;8 MP;1080p@30fps;Tuned by JBL;No;Yes, with stereo speakers;N/A
18;Lenovo;Lenovo Tab P11;https://www.gsmarena.com/lenovo_tab_p11-10686.php;N/A;N/A;20W wired;N/A;N/A;Li-Po 7700 mAh;Stylus support;N/A;258.4 x 163 x 7.5 mm (10.17 x 6.42 x 0.30 in);Nano-SIM (cellular model only);490 g (1.08 lb);5.1, A2DP, LE;No;GPS, GLONASS, BDS - cellular model only;FM radio;USB Type-C 2.0;Wi-Fi 802.11 a/b/g/n/ac/6, dual-band, Wi-Fi Direct;N/A;1200 x 2000 pixels, 5:3 ratio (~212 ppi density);11.0 inches, 344.4 cm2 (~81.8% screen-to-body ratio);IPS LCD, 400 nits (typ);N/A;Accelerometer, gyro, proximity;2021, January 07;Available. Released 2021, February 10;N/A;N/A;LED flash;13 MP, (wide), AF;1080p@30fps;N/A;microSDXC (dedicated slot);64GB 4GB RAM, 128GB 4GB RAM, 128GB 6GB RAM;Slate Grey, Platinum Grey;TB-J606F;About 200 EUR;N/A;GSM 850 / 900 / 1800 / 1900;HSDPA 850 / 900 / 1900 / 2100;1, 2, 3, 4, 5, 7, 8, 19, 20, 28, 38, 40, 41;N/A;N/A;N/A;HSPA, LTE - cellular model only;GSM / HSPA / LTE;Octa-core (4x2.0 GHz Kryo 260 Gold & 4x1.8 GHz Kryo 260 Silver);Qualcomm SM6115 Snapdragon 662 (11 nm);Adreno 610;Android 10;8 MP, (wide);1080p@30fps;N/A;No;Yes, with stereo speakers (4 speakers);N/A
19;Lenovo;Lenovo Tab Plus;https://www.gsmarena.com/lenovo_tab_plus-13164.php;N/A;N/A;45W wired;N/A;N/A;Li-Po 8600 mAh;"Stylus support
Splash resistant
Built-in kickstand";N/A;268.3 x 174.3 x 7.7 - 13.6 mm;No;650 g (1.43 lb);5.2, A2DP, LE;No;GPS, GALILEO, GLONASS;No;USB Type-C 2.0;Wi-Fi 802.11 a/b/g/n/ac, dual-band, Wi-Fi Direct;N/A;1200 x 2000 pixels, 5:3 ratio (~203 ppi density);11.5 inches, 376.4 cm2 (~80.5% screen-to-body ratio);IPS LCD, 90Hz, 400 nits (typ);N/A;Accelerometer, gyro;2024, June 20;Available. Released 2024, June;N/A;N/A;N/A;8 MP, AF;1080p@30fps;UFS 2.2;microSDXC (dedicated slot);128GB 8GB RAM, 256GB 8GB RAM;Luna grey;N/A;About 280 EUR;N/A;N/A;N/A;N/A;N/A;No;No;N/A;No cellular connectivity;Octa-core (2x2.2 GHz Cortex-A76 & 6x2.0 GHz Cortex-A55);Mediatek Helio G99 (6 nm);Mali-G57 MC2;Android 14;8 MP;1080p@30fps;24-bit/192kHz Hi-Res audio;Yes;Yes, with stereo speakers (8 JBL Hi-Fi speakers);N/A
20;Lenovo;Lenovo Tab P11 5G;https://www.gsmarena.com/lenovo_tab_p11_5g-11091.php;N/A;N/A;20W wired;N/A;N/A;Li-Po 7700 mAh;Stylus support;N/A;258 x 163 x 7.9 mm (10.16 x 6.42 x 0.31 in);Nano-SIM;520 g (1.15 lb);5.1, A2DP, LE;No;GPS, GLONASS, BDS;No;USB Type-C 3.2, DisplayPort;Wi-Fi 802.11 a/b/g/n/ac/6, dual-band, Wi-Fi Direct;N/A;1200 x 2000 pixels, 5:3 ratio (~212 ppi density);11.0 inches, 344.4 cm2 (~81.9% screen-to-body ratio);IPS LCD, Dolby Vision, 400 nits (typ);N/A;Accelerometer, gyro, proximity;2021, September 08;Available. Released 2021, December 15;N/A;N/A;LED flash;13 MP, (wide), AF;1080p@30fps;N/A;microSDXC (dedicated slot);128GB 6GB RAM, 256GB 8GB RAM;Moon White, Storm Grey, Modernist Teal;N/A;About 500 EUR;N/A;GSM 850 / 900 / 1800 / 1900;HSDPA 850 / 900 / 1900 / 2100;1, 2, 3, 4, 5, 7, 8, 19, 20, 26, 28, 34, 38, 39, 40, 41;1, 3, 7, 8, 20, 28, 38, 41, 77, 78, 79 SA/NSA;N/A;N/A;HSPA, LTE, 5G;GSM / HSPA / LTE / 5G;Octa-core (2x2.2 GHz Kryo 570 & 6x1.8 GHz Kryo 570);Qualcomm SM7225 Snapdragon 750G 5G (8 nm);Adreno 619;Android 11;"8 MP, (wide)
IR TOF 3D, (biometrics sensor only)";1080p@30fps;JBL speakers;No;Yes, with stereo speakers (4 speakers);N/A
21;Lenovo;Lenovo Tab P11 Pro Gen 2;https://www.gsmarena.com/lenovo_tab_p11_pro_gen_2-11841.php;N/A;N/A;20W wired, QC3;N/A;N/A;Li-Po 8200 mAh;Stylus support (magnetic);Glass front, plastic back, plastic frame;263.7 x 166.7 x 6.8 mm (10.38 x 6.56 x 0.27 in);Nano-SIM (cellular model only);480 g (1.06 lb);5.1, A2DP, LE;No;GPS, GLONASS - cellular model only;No;USB Type-C 3.0, OTG, magnetic connector, video output;Wi-Fi 802.11 a/b/g/n/ac/6, dual-band, Wi-Fi Direct;N/A;1536 x 2560 pixels, 5:3 ratio (~267 ppi density);11.2 inches, 357.0 cm2 (~81.2% screen-to-body ratio);OLED, HDR10+, Dolby Vision, 120Hz, 420 nits (typ), 600 nits (peak);N/A;Accelerometer, gyro, proximity, compass;2022, September 01;Available. Released 2022, September 01;N/A;N/A;LED flash;13 MP, f/2.4, (wide), AF;1080p@30fps;UFS 3.1;microSDXC (dedicated slot);128GB 4GB RAM, 128GB 6GB RAM, 256GB 8GB RAM;Storm Grey, Oat;ZAB50194GB, ZAB50043SE;About 500 EUR;N/A;GSM 850 / 900 / 1800 / 1900;HSDPA 850 / 900 / 1900 / 2100;LTE;N/A;N/A;N/A;HSPA, LTE - cellular model only;GSM / HSPA / LTE;Octa-core (4x2.6 GHz Cortex-A78 & 4x2.0 GHz Cortex-A55);Mediatek MT8797 Kompanio 1300T (6 nm);Mali-G77 MC9;Android 12, upgradable to Android 13;8 MP;1080p@30fps;Tuned by JBL;No;Yes, with stereo speakers (4 speakers);"AnTuTu: 616573 (v9)
GeekBench: 2827 (v5.1)"
22;Lenovo;Lenovo Tab 4 8 Plus;https://www.gsmarena.com/lenovo_tab_4_8_plus-8603.php;N/A;N/A;10W wired;N/A;N/A;Li-Po 4850 mAh, non-removable;N/A;N/A;210 x 123 x 7 mm (8.27 x 4.84 x 0.28 in);Nano-SIMNano-SIM + Nano-SIM - cellular model only;300 g (10.58 oz);4.2, A2DP, LE;No;GPS, GLONASS, BDS - cellular model only;FM radio;USB Type-C 3.0 (TB-8704V), USB Type-C 2.0 (all other versions);Wi-Fi 802.11 a/b/g/n/ac, dual-band, Wi-Fi Direct;N/A;1200 x 1920 pixels, 16:10 ratio (~283 ppi density);8.0 inches, 185.6 cm2 (~71.8% screen-to-body ratio);IPS LCD;N/A;Fingerprint (side-mounted), accelerometer, proximity (8704X/8704N only);2017, February. Released 2017, July;Discontinued;N/A;N/A;LED flash;8 MP, AF;1080p@30fps;eMMC 5.1;microSDXC (uses shared SIM slot);16GB 3GB RAM, 64GB 4GB RAM;Aurora Black, Sparkling White;TB-8704X;About 200 EUR;1, 3, 7, 38, 39, 40, 41 - China;GSM 850 / 900 / 1800 / 1900 - SIM 1 & SIM 2 (TB-8704X/TB-8704N only);HSDPA 850 / 900 / 1900 / 2100;1, 2, 3, 4, 5, 7, 8, 20, 38, 40 - Global;N/A;N/A;N/A;HSPA 42.2/5.76 Mbps, LTE Cat4 150/50 Mbps - cellular model only;GSM / CDMA / HSPA / LTE;Octa-core 2.0 GHz Cortex-A53;Qualcomm MSM8953 Snapdragon 625 (14 nm) - Wi-Fi/LTEQualcomm APQ8053 - Wi-Fi only;Adreno 506;Android 7.0 (Nougat);5 MP;;N/A;Yes;Yes, dual speakers;N/A
23;Lenovo;Lenovo Tab M11;https://www.gsmarena.com/lenovo_tab_m11-12783.php;N/A;N/A;15W wired;N/A;N/A;Li-Po 7040 mAh;Stylus support;Glass front, aluminum frame, aluminum back;166.3 x 255.3 x 7.2 mm (6.55 x 10.05 x 0.28 in);Nano-SIM;465 g (1.03 lb);5.1, A2DP, LE;No;GPS, GLONASS, BDS;No;USB Type-C 2.0;Wi-Fi 802.11 a/b/g/n/ac, dual-band, Wi-Fi Direct;N/A;1200 x 1920 pixels, 16:10 ratio (~206 ppi density);11.0 inches, 350.9 cm2 (~82.6% screen-to-body ratio);IPS LCD, 90Hz, 400 nits (typ);N/A;Accelerometer, gyro, proximity (accessories only);2024, January 09;Available. Released 2024, April;N/A;N/A;LED flash;"13 MP, f/2.2, (wide)
or
8 MP, f/2.0, (wide)";1080p@30fps;eMMC 5.1;microSDXC (dedicated slot);64GB 4GB RAM, 128GB 4GB RAM, 128GB 8GB RAM;Luna grey, Seafoam green;TB330FU;About 170 EUR;N/A;GSM 850 / 900 / 1800 / 1900;HSDPA 800 / 850 / 900 / 1700(AWS) / 1900 / 2100;1, 2, 3, 4, 5, 7, 8, 12, 13, 14, 17, 19, 20, 25, 26, 28, 29, 30, 38, 40, 41, 66, 71;N/A;N/A;N/A;HSPA, LTE;GSM / HSPA / LTE;Octa-core (2x2.0 GHz Cortex-A75 & 6x1.8 GHz Cortex-A55);Mediatek MT6769H Helio G88 (12 nm);Mali-G52 MC2;Android 13;8 MP, f/2.0, (wide);1080p@30fps;N/A;Yes;Yes, with stereo speakers (4 speakers);N/A
24;Lenovo;Lenovo Tab3 8 Plus;https://www.gsmarena.com/lenovo_tab3_8_plus-8559.php;N/A;N/A;N/A;N/A;N/A;Li-Po 4250 mAh, non-removable;N/A;N/A;210 x 125 x 8.9 mm (8.27 x 4.92 x 0.35 in);Micro-SIM - cellular model only;329 g (11.61 oz);4.0, A2DP;No;GPS, GLONASS - cellular model only;No;microUSB 2.0, OTG;Wi-Fi 802.11 a/b/g/n/ac, dual-band, Wi-Fi Direct;N/A;1200 x 1920 pixels, 16:10 ratio (~283 ppi density);8.0 inches, 185.6 cm2 (~70.7% screen-to-body ratio);IPS LCD;"MP3/WAV/WMA/AAC player
MP4/H.264 player
Document viewer
Photo viewer/editor";Accelerometer, proximity, compass;2017, March. Released 2017, March;Discontinued;N/A;N/A;HDR, panorama;8 MP, AF;1080p@30fps;eMMC 5.1;microSDXC (dedicated slot);16GB 3GB RAM;Black, White;TB-8703X;About 170 EUR;N/A;GSM 850 / 900 / 1800 / 1900;HSDPA 850 / 1900 / 2100;LTE;N/A;N/A;N/A;HSPA, LTE - cellular model only;GSM / HSPA / LTE;Octa-core 2.0 GHz Cortex-A53;Qualcomm MSM8953 Snapdragon 625 (14 nm);Adreno 506;Android 6.0.1 (Marshmallow);5 MP;;N/A;Yes;Yes, with stereo speakers;N/A
25;Lenovo;Lenovo Tab P11 Pro;https://www.gsmarena.com/lenovo_tab_p11_pro-10405.php;N/A;N/A;20W wired;N/A;N/A;Li-Po 8600 mAh;Stylus support;Glass front, aluminum frame, aluminum back;264.3 x 171.4 x 6.9 mm (10.41 x 6.75 x 0.27 in);Nano-SIM (cellular model only);485 g (1.07 lb);5.0, A2DP, LE;No;GPS, GLONASS, BDS - cellular model only;Unspecified;USB Type-C 3.2;Wi-Fi 802.11 a/b/g/n/ac, dual-band, Wi-Fi Direct;N/A;1600 x 2560 pixels, 16:10 ratio (~263 ppi density);11.5 inches, 383.5 cm2 (~84.6% screen-to-body ratio);OLED, HDR10, Dolby Vision, 500 nits (typ);N/A;Fingerprint (side-mounted), accelerometer, gyro, proximity;2020, August 31;Available. Released 2020, December 14;N/A;"13 MP, (wide), AF
5 MP, (ultrawide)";N/A;N/A;1080p@30fps;N/A;microSDXC;128GB 4GB RAM, 128GB 6GB RAM;Slate Grey, Platinum Grey;TB-J706F;About 550 EUR;N/A;GSM 850 / 900 / 1800 / 1900;HSDPA 850 / 900 / 1900 / 2100;1, 2, 3, 4, 5, 7, 8, 18, 19, 20, 26, 28, 38, 39, 40, 41;N/A;N/A;N/A;HSPA, LTE - cellular model only;GSM / HSPA / LTE;Octa-core (2x2.2 GHz Kryo 470 Gold & 6x1.8 GHz Kryo 470 Silver);Qualcomm SDM730 Snapdragon 730G (8 nm);Adreno 618;Android 10;"8 MP, (wide)
8 MP, IR TOF 3D, (biometrics sensor only)";;N/A;No;Yes, with stereo speakers (4 speakers);N/A
26;Lenovo;Lenovo Tab 7;https://www.gsmarena.com/lenovo_tab_7-8941.php;N/A;N/A;N/A;N/A;N/A;Li-Po 3500 mAh, non-removable;N/A;N/A;193 x 98.7 x 8.4 mm (7.60 x 3.89 x 0.33 in);Nano-SIM (cellular model only);260 g (9.17 oz);4.0, A2DP;No;GPS - cellular model only;No;microUSB 2.0;Wi-Fi 802.11 b/g/n;N/A;720 x 1280 pixels, 16:9 ratio (~210 ppi density);7.0 inches, 135.1 cm2 (~70.9% screen-to-body ratio);IPS LCD;N/A;Accelerometer;2017, November. Released 2017, November;Discontinued;N/A;N/A;N/A;5 MP, AF;Yes;N/A;No;16GB 1GB RAM, 16GB 2GB RAM;Slate Black, White;TB-7504X, TB-7504F, TB-7504N;About 100 EUR;N/A;GSM 900;HSDPA 2100;LTE;N/A;N/A;N/A;HSPA, LTE - cellular model only;GSM / HSPA / LTE;Quad-core 1.3 GHz Cortex-A53;Mediatek MT8161 (28 nm);Mali-T720MP2;Android 7.0 (Nougat);2 MP;;N/A;Yes;Yes;N/A
27;Lenovo;Lenovo Idea Tab Pro;https://www.gsmarena.com/lenovo_idea_tab_pro-13733.php;N/A;N/A;"45W wired
Reverse wired";N/A;N/A;Li-Po 10200 mAh;Stylus support;N/A;291.8 x 189.1 x 6.9 mm (11.49 x 7.44 x 0.27 in);No;620 g (1.37 lb);5.3, A2DP, LE;No;GPS, GALILEO, GLONASS;No;USB Type-C 3.2, DisplayPort, OTG, accessory connector pins;Wi-Fi 802.11 a/b/g/n/ac/6e, dual-band, Wi-Fi Direct;Anti-reflection coating (optional);2944 x 1840 pixels, 16:10 ratio (~273 ppi density);12.7 inches, 467.7 cm2 (~84.8% screen-to-body ratio);IPS LCD, 144Hz, HDR10, 400 nits;Circle to Search;Fingerprint (side-mounted), accelerometer, gyro, proximity (accessories only), compass;2025, March 14;Available. Released 2025, March 14;N/A;N/A;LED flash;13 MP, (wide), AF;Yes;"UFS 3.1 - 128GB
UFS 4.0 - 256GB";microSDXC;128GB 8GB RAM, 256GB 8GB RAM;Luna grey, Green;ZAE40142GR;About 350 EUR;N/A;N/A;N/A;N/A;N/A;No;No;N/A;No cellular connectivity;Octa-core (1x3.35 GHz Cortex-A715 & 3x3.20 GHz Cortex-A715 & 4x2.20 GHz Cortex-A510);Mediatek Dimensity 8300 (4 nm);Mali G615-MC6;Android 14, up to 2 major Android upgrades;8 MP;1080p@30fps;"JBL sound
24-bit/192kHz Hi-Res audio";No;Yes, with stereo speakers (4 speakers);N/A
28;Lenovo;Lenovo Tab Extreme;https://www.gsmarena.com/lenovo_tab_extreme-12071.php;N/A;N/A;"68W wired
Reverse wired";N/A;N/A;Li-Po 12300 mAh;Stylus support (Lenovo Precision Pen 3);N/A;327.8 x 210.8 x 5.9 mm (12.91 x 8.30 x 0.23 in);No;740 g (1.63 lb);5.3, A2DP, LE;No;Unspecified;No;USB Type-C 3.2 and USB Type-C 2.0, OTG, DisplayPort, accessory connector;Wi-Fi 802.11 a/b/g/n/ac/6e, dual-band, Wi-Fi Direct;N/A;1876 x 3000 pixels, 16:10 ratio (~244 ppi density);14.5 inches, 609.8 cm2 (~88.2% screen-to-body ratio);OLED, 120Hz, HDR10+, Dolby Vision;N/A;Fingerprint (side-mounted), accelerometer, gyro, compass;2023, January 05;Available. Released 2023, June 13;N/A;"13 MP, f/2.4, (wide), AF
5 MP, f/2.2, (ultrawide)";LED flash;N/A;4K@30fps, 1080p@30fps;N/A;microSDXC (dedicated slot);256GB 12GB RAM;Storm Grey;N/A;About 880 EUR;N/A;N/A;N/A;N/A;N/A;No;No;N/A;No cellular connectivity;Octa-core (1x3.05 GHz Cortex-X2 & 3x2.85 GHz Cortex-A710 & 4x1.80 GHz Cortex-A510);Mediatek Dimensity 9000 (4 nm);Mali-G710 MC10;Android 13;13 MP, (ultrawide);1080p@30fps;JBL speakers;No;Yes, with stereo speakers (8 speakers);N/A
29;Lenovo;Lenovo Tab M10 Gen 3;https://www.gsmarena.com/lenovo_tab_m10_gen_3-12162.php;N/A;N/A;10W wired;N/A;N/A;Li-Po 5100 mAh;N/A;N/A;239.8 x 158.6 x 8.5 mm (9.44 x 6.24 x 0.33 in);Nano-SIM (cellular model only);460 g (1.01 lb);5.0, LE;No;GPS - cellular model only;No;USB Type-C 2.0, OTG, magnetic connector;Wi-Fi 802.11 a/b/g/n/ac, dual-band, Wi-Fi Direct;N/A;1200 x 1920 pixels, 16:10 ratio (~224 ppi density);10.1 inches, 295.8 cm2 (~77.8% screen-to-body ratio);IPS LCD, 320 nits (typ);N/A;Accelerometer, proximity;2022, September;Available. Released 2022, September;N/A;N/A;N/A;8 MP, AF;1080p@30fps;eMCP or eMMC 5.1;microSDXC (dedicated slot);32GB 3GB RAM, 64GB 4GB RAM;Storm Grey;N/A;About 200 EUR;N/A;GSM 850 / 900 / 1800 / 1900;HSDPA 800 / 850 / 900 / 1900 / 2100;1, 2, 3, 4, 5, 7, 8, 19, 20, 28, 38, 40, 41;N/A;N/A;N/A;HSPA, LTE - cellular model only;GSM / HSPA / LTE;Octa-core (2x1.8 GHz Cortex-A75 & 6x1.8 GHz Cortex-A55);Unisoc T610 (12 nm);Mali-G52 MP2;Android 11, upgradable to Android 12;5 MP;Yes;N/A;Yes;Yes, with stereo speakers;N/A
30;Lenovo;Lenovo Pad Pro;https://www.gsmarena.com/lenovo_pad_pro-10925.php;N/A;N/A;20W wired, QC3;N/A;N/A;Li-Po 8600 mAh;Stylus support;Glass front, aluminum frame, aluminum back;264.3 x 171.4 x 5.8 mm (10.41 x 6.75 x 0.23 in);No;485 g (1.07 lb);5.1, A2DP, LE;No;No;No;USB Type-C 3.1, OTG, magnetic connector;Wi-Fi 802.11 a/b/g/n/ac/6, dual-band, Wi-Fi Direct;N/A;1600 x 2560 pixels, 16:10 ratio (~263 ppi density);11.5 inches, 383.5 cm2 (~84.6% screen-to-body ratio);OLED, HDR10, Dolby Vision, 90Hz, 420 nits (typ), 600 nits (peak);N/A;Infrared Face ID, fingerprint (side-mounted), accelerometer, gyro, proximity;2021, May 24;Available. Released 2021, May 31;N/A;"13 MP, (wide), AF
5 MP, 120˚ (ultrawide)";LED flash;N/A;1080p@30fps;UFS 3.1;microSDXC (dedicated slot);128GB 6GB RAM;Silver;ZA910001CN, TB-J716F;About 320 EUR;N/A;N/A;N/A;N/A;N/A;No;No;N/A;No cellular connectivity;Octa-core (1x3.2 GHz Kryo 585 & 3x2.42 GHz Kryo 585 & 4x1.80 GHz Kryo 585);Qualcomm SM8250-AC Snapdragon 870 5G (7 nm);Adreno 650;Android 11, ZUI 12.5;"8 MP
8 MP, IR TOF 3D, (depth/biometrics sensor)";1080p@30fps;Tuned by JBL;No;Yes, with stereo speakers (4 speakers);N/A
31;Lenovo;Lenovo Tab 4 10 Plus;https://www.gsmarena.com/lenovo_tab_4_10_plus-8605.php;N/A;N/A;10W wired;N/A;N/A;Li-Po 7000 mAh, non-removable;N/A;Glass front, glass back, aluminum frame;247 x 173 x 7 mm (9.72 x 6.81 x 0.28 in);Nano-SIM (cellular model only);475 g (1.05 lb);4.2, A2DP, LE;No;GPS, GLONASS, BDS - cellular model only;FM radio;USB Type-C 3.0 (Verizon/ATT), USB Type-C 2.0 (all other versions);Wi-Fi 802.11 a/b/g/n/ac, dual-band, Wi-Fi Direct;N/A;1200 x 1920 pixels, 16:10 ratio (~224 ppi density);10.1 inches, 295.8 cm2 (~69.2% screen-to-body ratio);IPS LCD;N/A;Fingerprint (front-mounted), accelerometer;2017, February. Released 2017, July;Discontinued;N/A;N/A;LED flash;8 MP, AF;1080p@30fps;eMMC 5.1;microSDXC (dedicated slot);16GB 3GB RAM, 64GB 4GB RAM;Aurora Black, Sparkling White;TB-X704F, TB-X704L;About 270 EUR;1, 3, 7, 38, 39, 40, 41 - China;GSM 850 / 900 / 1800 / 1900;HSDPA 850 / 900 / 1900 / 2100;1, 2, 3, 4, 5, 7, 8, 20, 38, 40 - Global;N/A;N/A;N/A;HSPA 42.2/5.76 Mbps, LTE Cat4 150/50 Mbps - cellular model only;GSM / CDMA / HSPA / LTE;Octa-core 2.0 GHz Cortex-A53;Qualcomm MSM8953 Snapdragon 625 (14 nm) - Wi-Fi/LTEQualcomm APQ8053 - Wi-Fi only;Adreno 506;Android 7.1 (Nougat);5 MP;;N/A;Yes;Yes, dual speakers;N/A
32;Lenovo;Lenovo M10 Plus;https://www.gsmarena.com/lenovo_m10_plus-10360.php;N/A;N/A;10W wired;N/A;N/A;Li-Po 5000 mAh;N/A;N/A;244.2 x 153.3 x 8.2 mm (9.61 x 6.04 x 0.32 in);Nano-SIM (cellular model only);460 g (1.01 lb);5.0, LE;No;GPS - cellular model only;No;USB Type-C 2.0;Wi-Fi 802.11 a/b/g/n/ac, dual-band, Wi-Fi Direct;N/A;1200 x 1920 pixels, 16:10 ratio (~220 ppi density);10.3 inches, 307.6 cm2 (~82.2% screen-to-body ratio);IPS LCD, 330 nits (typ);N/A;Accelerometer;2020, March 27;Available. Released 2020, March 27;N/A;N/A;N/A;8 MP, AF;1080p@30fps;eMMC 5.1;microSDXC (dedicated slot);32GB 2GB RAM, 64GB 4GB RAM, 128GB 4GB RAM;Iron Grey;TB-X606, TB-X606F, TB-X606X, TB-X606V;About 200 EUR;N/A;N/A;N/A;LTE;N/A;No;No;HSPA 21.1/5.76 Mbps, LTE Cat4 150/50 Mbps - cellular model only;LTE;Octa-core (4x2.3 GHz Cortex-A53 & 4x1.8 GHz Cortex-A53);Mediatek MT6762 Helio P22T (12 nm);PowerVR GE8320;Android 9.0 (Pie);5 MP;;N/A;Yes;Yes, with stereo speakers;N/A
33;Lenovo;Lenovo Tab K11 Plus;https://www.gsmarena.com/lenovo_tab_k11_plus-13186.php;N/A;N/A;20W wired;N/A;N/A;Li-Po 8600 mAh;Stylus support;Glass front, aluminum frame, aluminum back;169 x 268.7 x 7.2 mm (6.65 x 10.58 x 0.28 in);Nano-SIM (cellular model only);520 g (1.15 lb);5.3, A2DP, LE;Yes;GPS, GLONASS, BDS - cellular model only;No;USB Type-C 2.0, magnetic connector pins;Wi-Fi 802.11 a/b/g/n/ac/6, dual-band, Wi-Fi Direct;N/A;1200 x 2000 pixels, 5:3 ratio (~204 ppi density);11.45 inches, 373.2 cm2 (~82.2% screen-to-body ratio);IPS LCD, 90Hz, 400 nits (typ);N/A;Accelerometer, gyro, proximity;2024, July 01;Available. Released 2024, July;N/A;N/A;LED flash;13 MP, f/2.2, (wide), AF;1080p@30fps;UFS 2.2;microSDXC (dedicated slot);64GB 4GB RAM, 128GB 6GB RAM, 256GB 8GB RAM;Luna grey;TB352FU;About 200 EUR;N/A;GSM 850 / 900 / 1800 / 1900;HSDPA 800 / 850 / 900 / 1900 / 2100;1, 2, 3, 4, 5, 7, 8, 19, 20, 26, 28, 38, 40, 41;N/A;N/A;N/A;HSPA, LTE - cellular model only;GSM / HSPA / LTE;Octa-core (4x2.4 GHz Kryo 265 Gold & 4x1.9 GHz Kryo 265 Silver);Qualcomm SM6225 Snapdragon 680 4G (6 nm);Adreno 610;Android 14;8 MP, f/2.0, (wide);1080p@30fps;N/A;Yes;Yes, with stereo speakers (4 speakers);N/A
34;Lenovo;Lenovo Tab M7;https://www.gsmarena.com/lenovo_tab_m7-9824.php;N/A;N/A;N/A;N/A;N/A;Li-Po 3590 mAh, non-removable;N/A;Glass front, aluminum back, aluminum frame;176.3 x 102.9 x 8.3 mm (6.94 x 4.05 x 0.33 in);Nano-SIM (cellular model only);236 g (8.32 oz);4.2, A2DP, LE;No;GPS, GLONASS - cellular model only;FM radio;microUSB 2.0;Wi-Fi 802.11 b/g/n, Wi-Fi Direct;N/A;600 x 1024 pixels, 16:9 ratio (~170 ppi density);7.0 inches, 137.9 cm2 (~76.0% screen-to-body ratio);IPS LCD;N/A;Accelerometer;2019, September. Released 2019, October;Discontinued;N/A;N/A;N/A;2 MP;720p;N/A;microSDXC (dedicated slot);8GB 1GB RAM, 16GB 1GB RAM, 32GB 2GB RAM;Iron Grey, Platinum Grey, Onyx Black;TB-7305F, TB-7305X, TB-7305I;About 100 EUR;N/A;GSM 850 / 900 / 1800 / 1900;HSDPA 850 / 900 / 1900 / 2100;1, 3, 4, 7, 8, 20;N/A;N/A;N/A;HSPA, LTE - cellular model only;GSM / HSPA / LTE;Quad-core 1.3 GHz;Mediatek MT8321 (28 nm) - Wi-FiMediatek MT8765B - Wi-Fi/LTE;Mali-400;Android 9.0 (Pie) - 2GB RAM, Android 9.0 Pie (Go edition) - 1GB RAM;2 MP;720p;N/A;Yes;Yes;N/A
35;Lenovo;Lenovo Tab K10;https://www.gsmarena.com/lenovo_tab_k10-11143.php;N/A;N/A;10W wired;N/A;N/A;Li-Po 7700 mAh;N/A;N/A;244 x 153 x 8.2 mm (9.61 x 6.02 x 0.32 in);Nano-SIM (cellular model only);460 g (1.01 lb);5.0, LE;No;GPS, GLONASS - cellular model only;FM radio;USB Type-C 2.0;Wi-Fi 802.11 a/b/g/n/ac, dual-band, Wi-Fi Direct;N/A;1200 x 1920 pixels, 16:10 ratio (~220 ppi density);10.3 inches, 307.6 cm2 (~82.4% screen-to-body ratio);IPS LCD, 330 nits (typ);N/A;Accelerometer, gyro, proximity, compass;2021, May 19;Available. Released 2021, June;N/A;N/A;LED flash;8 MP;1080p@30fps;eMMC 5.1;microSDXC (dedicated slot);32GB 3GB RAM, 64GB 4GB RAM, 128GB 4GB RAM;Abyss Blue;TB-X6C6F, TB-X6C6X;About 170 EUR;CDMA2000 1xEV-DO;GSM 850 / 900 / 1800 / 1900;HSDPA 800 / 850 / 900 / 1700(AWS) / 1900 / 2100;1, 2, 3, 4, 5, 7, 8, 19, 20, 26, 28, 34, 38, 39, 40, 41;N/A;N/A;N/A;HSPA, LTE - cellular model only;GSM / CDMA / HSPA / EVDO / LTE;Octa-core (4x2.3 GHz Cortex-A53 & 4x1.8 GHz Cortex-A53);Mediatek MT6762 Helio P22T (12 nm);PowerVR GE8320;Android 11;5 MP;Yes;N/A;Yes;Yes, with stereo speakers;N/A
36;Lenovo;Lenovo Tab P11 Gen 2;https://www.gsmarena.com/lenovo_tab_p11_gen_2-11842.php;N/A;N/A;N/A;N/A;N/A;Li-Po 7700 mAh;Stylus support;N/A;269.1 x 169.4 x 7.4 mm (10.59 x 6.67 x 0.29 in);Nano-SIM (cellular model only);520 g (1.15 lb);5.2, A2DP, LE;No;GPS, GLONASS, BDS - cellular model only;No;USB Type-C 2.0, OTG, magnetic connector;Wi-Fi 802.11 a/b/g/n/ac/6e, dual-band, Wi-Fi Direct;N/A;1200 x 2000 pixels, 5:3 ratio (~203 ppi density);11.5 inches, 376.4 cm2 (~82.6% screen-to-body ratio);IPS LCD, 120Hz, 400 nits (typ);N/A;Accelerometer, gyro, proximity;2022, September 01;Available. Released 2023, January;N/A;N/A;LED flash;13 MP, f/2.4, (wide), AF;1080p@30fps;N/A;microSDXC (dedicated slot);64GB 4GB RAM, 128GB 4GB RAM, 128GB 6GB RAM;Storm Grey, Sage;TB350FU;About 350 EUR;N/A;GSM 850 / 900 / 1800 / 1900;HSDPA 800 / 850 / 900 / 1700(AWS) / 1900 / 2100;1, 2, 3, 4, 5, 7, 8, 12, 13, 18, 19, 20, 25, 26, 28, 38, 40, 41, 66;N/A;N/A;N/A;HSPA, LTE - cellular model only;GSM / HSPA / LTE;Octa-core (2x2.2 GHz Cortex-A76 & 6x2.0 GHz Cortex-A55);Mediatek Helio G99 (6 nm);Mali-G57 MC2;Android 12L;8 MP, f/2.0;1080p@30fps;N/A;Yes;Yes, with stereo speakers (4 speakers);N/A
37;Lenovo;Lenovo Tab M10;https://www.gsmarena.com/lenovo_tab_m10-12425.php;N/A;N/A;20W, PD3.0, QC3;N/A;N/A;Li-Po 7700 mAh;N/A;N/A;160.3 x 252.7 x 8.3 mm (6.31 x 9.95 x 0.33 in);Nano-SIM;490 g (1.08 lb);5.1, A2DP, LE;No;GPS, GLONASS, BDS;No;USB Type-C 2.0;Wi-Fi 802.11 a/b/g/n/ac, dual-band;N/A;1200 x 2000 pixels, 5:3 ratio (~220 ppi density);10.6 inches, 319.8 cm2 (~79.0% screen-to-body ratio);IPS LCD, 90Hz, 400 nits;N/A;Unspecified;2023, July 14;Available. Released 2023, July 15;N/A;N/A;LED flash;13 MP, AF;1080p@30fps;uMCP;microSDXC (dedicated slot);128GB 4GB RAM, 128GB 6GB RAM;Abyss Blue;N/A;About 400 EUR;N/A;GSM 850 / 900 / 1800 / 1900;HSDPA 850 / 900 / 2100;LTE;SA/NSA;N/A;N/A;HSPA, LTE, 5G;GSM / HSPA / LTE / 5G;Octa-core (2x2.2 GHz Kryo 660 Gold & 6x1.7 GHz Kryo 660 Silver);Qualcomm SM6375 Snapdragon 695 5G (6 nm);Adreno 619;Android 13;8 MP;1080p@30fps;N/A;Yes;Yes, with stereo speakers;N/A
38;Lenovo;Lenovo Yoga Tab 3 10;https://www.gsmarena.com/lenovo_yoga_tab_3_10-9744.php;N/A;N/A;N/A;N/A;N/A;Li-Ion 8400 mAh, non-removable;"Built-in 3-stage kickstand
Splash and dust resistant";N/A;253 x 185 x 9.5 mm (9.96 x 7.28 x 0.37 in);Micro-SIM;655 g (Wi-Fi)/ 665 g (3G/LTE) (1.40 lb);4.0, A2DP;No;GPS, GLONASS;No;microUSB 2.0;Wi-Fi 802.11 b/g/n;N/A;800 x 1280 pixels, 16:10 ratio (~149 ppi density);10.1 inches, 295.8 cm2 (~63.2% screen-to-body ratio);IPS LCD;N/A;Accelerometer;2016;Available. Released 2016;N/A;N/A;N/A;8 MP, AF;720p@30fps;eMMC 4.5;microSDXC (dedicated slot);16GB 2GB RAM;Black;YT3-X50M, YT3-X50F;About 180 EUR;N/A;GSM 850 / 900 / 1800 / 1900;HSDPA 850 / 900 / 1700(AWS) / 1900 / 2100 - EMEA;1, 3, 4, 5, 7, 8, 19, 20, 38, 40 - EMEA;N/A;N/A;N/A;HSPA, LTE;GSM / HSPA / LTE;Quad-core 1.3 GHz Cortex-A7;Qualcomm MSM8909 Snapdragon 210 (28 nm) - 3G/LTE modelQualcomm APQ8009 (28 nm) - Wi-Fi model;Adreno 304;Android 6.0 (Marshmallow);Rotating main camera module;720p@30fps;N/A;Yes;Yes, with stereo speakers;N/A
39;Lenovo;Lenovo Tab 4 8;https://www.gsmarena.com/lenovo_tab_4_8-8602.php;N/A;N/A;N/A;N/A;N/A;Li-Po 4850 mAh, non-removable;N/A;N/A;211 x 124 x 8.2 mm (8.31 x 4.88 x 0.32 in);Nano-SIM + Nano-SIM;310 g (10.93 oz);4.0, A2DP, LE;No;GPS, GLONASS, BDS;FM radio;microUSB 2.0;Wi-Fi 802.11 b/g/n;N/A;800 x 1280 pixels, 16:10 ratio (~189 ppi density);8.0 inches, 185.6 cm2 (~70.9% screen-to-body ratio);IPS LCD;N/A;Accelerometer, proximity (LTE model only);2017, February 27. Released 2017, September 15;Discontinued;N/A;N/A;N/A;5 MP, AF;1080p@30fps;eMMC 5.1;microSDXC (uses shared SIM slot);16GB 2GB RAM, 32GB 2GB RAM;Black, White;TB-8504X, TB-8504F;About 170 EUR;1, 3, 38, 39, 40, 41 - China;GSM 850 / 900 / 1800 / 1900 - SIM 1 & SIM 2;HSDPA 850 / 900 / 1900 / 2100;1, 3, 5, 7, 8, 20, 38, 40 - Global;N/A;N/A;N/A;HSPA 42.2/5.76 Mbps, LTE Cat4 150/50 Mbps;GSM / CDMA / HSPA / LTE;Quad-core 1.4 GHz Cortex-A53;Qualcomm MSM8917 Snapdragon 425 (28 nm) (Wi-Fi/LTE model)Qualcomm APQ8017 (Wi-Fi only model);Adreno 306;Android 7.0 (Nougat);2 MP;;N/A;Yes;Yes, dual speakers;N/A
40;Lenovo;Lenovo Tab M8 (3rd Gen);https://www.gsmarena.com/lenovo_tab_m8_(3rd_gen)-10991.php;N/A;N/A;N/A;N/A;N/A;Li-Po 5100 mAh;N/A;Glass front, aluminum back, aluminum frame;199.1 x 121.8 x 8.2 mm (7.84 x 4.80 x 0.32 in);Nano-SIM (cellular model only);305 g (10.76 oz);5.0, A2DP, LE;No;GPS, GLONASS, BDS - cellular model only;FM radio;USB Type-C 2.0, OTG;Wi-Fi 802.11 a/b/g/n, dual-band, Wi-Fi Direct;N/A;800 x 1280 pixels, 16:10 ratio (~189 ppi density);8.0 inches, 185.6 cm2 (~76.5% screen-to-body ratio);TDDI IPS LCD, 350 nits (typ);N/A;Accelerometer, proximity;2021, June 28;Available. Released 2022, February;N/A;N/A;N/A;5 MP, AF;1080p;eMMC 5.1;microSDXC (dedicated slot);32GB 2GB RAM, 32GB 3GB RAM;Iron Grey, Platinum Grey;N/A;N/A;1, 3, 5, 7, 8, 34, 38, 39, 40, 41 - China;GSM 850 / 900 / 1800 / 1900;HSDPA 850 / 900 / 1700(AWS) / 1900 / 2100 - International;1, 2, 3, 4, 5, 19, 7, 8, 20, 26, 28, 38, 40, 41 - International;N/A;N/A;N/A;HSPA, LTE - cellular model only;GSM / CDMA / HSPA / LTE;Octa-core (4x2.3 GHz Cortex-A53 & 4x1.8 GHz Cortex-A53);Mediatek MT8768T Helio P22T (12 nm);PowerVR GE8320;Android 11 (Go edition) - 2 GB RAM versionAndroid 11 - 3 GB RAM version;2 MP;720p;N/A;Yes;Yes;N/A
41;Lenovo;Lenovo Tab3 7;https://www.gsmarena.com/lenovo_tab3_7-7951.php;N/A;N/A;N/A;N/A;Up to 9 h (multimedia);Li-Ion 3450 mAh, non-removable;N/A;N/A;191 x 100 x 8.8 mm (7.52 x 3.94 x 0.35 in);Micro-SIM;260 g (9.17 oz);4.0, A2DP;No;GPS;FM radio;microUSB 2.0;Wi-Fi 802.11 b/g/n;N/A;600 x 1024 pixels, 16:9 ratio (~170 ppi density);7.0 inches, 137.9 cm2 (~72.2% screen-to-body ratio);IPS LCD;N/A;Accelerometer;2016, February. Released 2016, April;Discontinued;N/A;N/A;N/A;2 MP, AF or 5 MP, AF;1080p@30fps;N/A;microSDHC (dedicated slot);8GB 1GB RAM, 16GB 1GB RAM;Black;TB3-710I, TB-7703X, TB3-730X, TB3-710F;About 80 EUR;N/A;GSM 850 / 900 / 1800 / 1900;HSDPA 850 / 1900 / 2100;LTE;N/A;N/A;N/A;HSPA 21.1/5.76 Mbps, LTE Cat4 150/50 Mbps;GSM / HSPA / LTE;Quad-core 1.3 GHz Cortex-A53;Mediatek MT8161 (28 nm);Mali-T720MP2;Android 6.0 (Marshmallow) or 5.0 (Lollipop);VGA or 2 MP;;N/A;Yes;Yes;N/A
42;Lenovo;Lenovo Yoga Tab 13;https://www.gsmarena.com/lenovo_yoga_tab_13-10924.php;N/A;N/A;N/A;N/A;N/A;Li-Po 10200 mAh;"Built-in stainless steel kickstand
Stylus support";Glass front, aluminum frame, aluminum back;293.4 mm x 204 mm x 6.2-24.9 mm;No;830 g (1.83 lb);5.2, A2DP, LE;No;Unspecified;No;USB Type-C 3.1, micro HDMI;Wi-Fi 802.11 a/b/g/n/ac/6, dual-band, Wi-Fi Direct;N/A;1350 x 2160 pixels, 16:10 ratio (~196 ppi density);13.0 inches, 490.0 cm2 (~56.7% screen-to-body ratio);IPS LCD, HDR10, Dolby Vision, 400 nits;N/A;Face recognition, accelerometer, gyro, proximity;2021, May 24;Available. Released 2021, May 31;No;N/A;N/A;N/A;N/A;UFS 3.0;No;256GB 8GB RAM;Gray;ZA8E0018CN;About 800 EUR;N/A;N/A;N/A;N/A;N/A;No;No;N/A;No cellular connectivity;Octa-core (1x3.2 GHz Kryo 585 & 3x2.42 GHz Kryo 585 & 4x1.80 GHz Kryo 585);Qualcomm SM8250-AC Snapdragon 870 5G (7 nm);Adreno 650;Android 11, ZUI 12.5;"8 MP
TOF 3D, (biometrics sensor)";1080p@30fps;Tuned by JBL;No;Yes, with stereo speakers (4 speakers);N/A
43;Lenovo;Lenovo Tab M10 Plus (3rd Gen);https://www.gsmarena.com/lenovo_tab_m10_plus_(3rd_gen)-11711.php;N/A;N/A;20W wired;N/A;N/A;Li-Po 7700 mAh;Stylus support;N/A;251.2 x 158.8 x 7.5 mm (9.89 x 6.25 x 0.30 in);Nano-SIM (cellular model only);465 g (1.03 lb);5.0, A2DP, LE;No;GPS, GLONASS, BDS - cellular model only;FM Radio;USB Type-C 2.0;Wi-Fi 802.11 a/b/g/n/ac, dual-band, Wi-Fi Direct;N/A;1200 x 2000 pixels, 5:3 ratio (~220 ppi density);10.61 inches, 320.4 cm2 (~80.3% screen-to-body ratio);IPS LCD, 400 nits (typ);N/A;Accelerometer, proximity, gyro;2022, May;Available. Released 2022, May;N/A;N/A;N/A;8 MP, AF;1080p;eMCP/uMCP;microSDXC (dedicated slot);32GB 3GB RAM, 64GB 4GB RAM, 128GB 4GB RAM, 128GB 6GB RAM;Storm Grey, Frost Blue;N/A;About 260 EUR;N/A;GSM 850 / 900 / 1800 / 1900;HSDPA 800 / 850 / 900 / 1900 / 2100;1, 2, 3, 4, 5, 7, 8, 19, 20, 26, 28, 28, 38, 40, 41;N/A;N/A;N/A;HSPA 42.2/5.76 Mbps, LTE Cat13 390/75 Mbps - cellular model only;GSM / HSPA / LTE;Octa-core (4x2.4 GHz Kryo 265 Gold & 4x1.9 GHz Kryo 265 Silver) - LTE model Octa-core (2x2.0 GHz Cortex-A75 & 6x1.8 GHz Cortex-A55) - Wi-Fi only model;Qualcomm SM6225 Snapdragon 680 4G (6 nm) - LTE model Mediatek MT6769V/CU Helio G80 (12 nm) - Wi-Fi only model;Adreno 610 - LTE model Mali-G52 MC2 - Wi-Fi only model;Android 12;8 MP;;N/A;Yes;Yes, with stereo speakers (4 speakers);N/A
44;Lenovo;Lenovo Tab 2 A7-30;https://www.gsmarena.com/lenovo_tab_2_a7_30-6956.php;N/A;N/A;N/A;Up to 432 h (3G);Up to 8 h (3G);Li-Ion 3450 mAh, non-removable;N/A;N/A;191 x 105 x 8.9 mm (7.52 x 4.13 x 0.35 in);Mini-SIM - cellular model only;269 g (9.49 oz);4.0, A2DP;No;GPS - cellular model only;FM radio;microUSB 2.0;Wi-Fi 802.11 b/g/n, hotspot;N/A;600 x 1024 pixels, 16:9 ratio (~170 ppi density);7.0 inches, 137.9 cm2 (~68.8% screen-to-body ratio);IPS LCD;N/A;Accelerometer;2015, January. Released 2015, April;Discontinued;N/A;N/A;N/A;2 MP;1080p@30fps;N/A;microSDHC (dedicated slot);16GB 1GB RAM;Pearl White, Ebony Black, Aqua Blue, Cotton Candy;TAB 2 A7-30HC, 2 A7-30HC, TAB 2 A7-30GC;About 110 EUR;N/A;GSM 850 / 900 / 1800 / 1900;HSDPA 850 / 1900 / 2100;N/A;N/A;N/A;N/A;HSPA 21.1/5.76 Mbps - cellular model only;GSM / HSPA;Quad-core 1.3 GHz Cortex-A7;Mediatek MT8382M (28 nm);Mali-400MP2;Android 4.4.2 (KitKat), upgradable to 5.0 (Lollipop);VGA;;N/A;Yes;Yes;N/A
45;Lenovo;Lenovo Tab 4 10;https://www.gsmarena.com/lenovo_tab_4_10-8604.php;N/A;N/A;10W wired;N/A;N/A;Li-Po 7000 mAh, non-removable;N/A;Glass front, plastic back, plastic frame;247 x 171 x 8.3 mm (9.72 x 6.73 x 0.33 in);Nano-SIM (cellular model only);500 g (1.10 lb);4.0, A2DP, LE;No;GPS, GLONASS, BDS - cellular model only;FM radio;microUSB 2.0;Wi-Fi 802.11 b/g/n;N/A;800 x 1280 pixels, 16:10 ratio (~149 ppi density);10.1 inches, 295.8 cm2 (~70.0% screen-to-body ratio);IPS LCD;N/A;Accelerometer;2017, February. Released 2017, July;Discontinued;N/A;N/A;N/A;5 MP, AF;1080p@30fps;eMMC 5.1;microSDXC (dedicated slot);16GB 2GB RAM, 32GB 2GB RAM;Black, White;TB-X304L, TB-X304F, TB-X304X;About 180 EUR;1, 3, 38, 39, 40, 41 - China;GSM 850 / 900 / 1800 / 1900;HSDPA 850 / 900 / 1900 / 2100;1, 2, 3, 4, 5, 7, 8, 20, 38, 40 - Global;N/A;N/A;N/A;HSPA 42.2/5.76 Mbps, LTE Cat4 150/50 Mbps - cellular model only;GSM / CDMA / HSPA / LTE;Quad-core 1.4 GHz Cortex-A53;Qualcomm MSM8917 Snapdragon 425 (28 nm) (Wi-Fi/LTE model)Qualcomm APQ8017 (Wi-Fi only model);Adreno 306;Android 7.1 (Nougat);2 MP;;N/A;Yes;Yes, dual speakers;N/A
46;Lenovo;Lenovo Tab M8 (4th Gen);https://www.gsmarena.com/lenovo_tab_m8_(4th_gen)-12521.php;N/A;N/A;10W wired;N/A;N/A;Li-Po 5100 mAh;N/A;Glass front, plastic frame, plastic back;197.8 x 119.8 x 9 mm (7.79 x 4.72 x 0.35 in);Nano-SIM (cellular model only);320 g (11.29 oz);5.0, A2DP, LE;No;GPS, GLONASS, BDS - cellular model only;FM radio;USB Type-C 2.0, OTG;Wi-Fi 802.11 a/b/g/n/ac, dual-band, Wi-Fi Direct;N/A;800 x 1280 pixels, 16:10 ratio (~189 ppi density);8.0 inches, 185.6 cm2 (~78.3% screen-to-body ratio);IPS LCD, 350 nits (typ);N/A;Accelerometer, proximity;2023, April 22;Available. Released 2023, May;N/A;N/A;N/A;5 MP, AF or 8MP, AF;1080p;eMMC 5.1;microSDXC (dedicated slot);32GB 3GB RAM, 64GB 4GB RAM;Abyss blue, Arctic grey;N/A;About 150 EUR;N/A;GSM 850 / 900 / 1800 / 1900;HSDPA 800 / 850 / 900 / 1900 / 2100;1, 2, 3, 4, 5, 7, 8, 19, 20, 26, 28, 38, 40, 41;N/A;N/A;N/A;HSPA, LTE - cellular model only;GSM / HSPA / LTE;Octa-core (4x2.3 GHz Cortex-A53 & 4x1.6 GHz Cortex-A53);Mediatek MT8768 Helio A22 (12 nm);PowerVR GE8320;Android 13;2 MP;720p;N/A;Yes;Yes, with dual speakers;N/A
47;Lenovo;Lenovo Tab 7 Essential;https://www.gsmarena.com/lenovo_tab_7_essential-8942.php;N/A;N/A;N/A;N/A;N/A;Li-Po 3450 mAh, non-removable;N/A;Glass front, plastic frame, plastic back;194.8 x 102 x 8.8 mm (7.67 x 4.02 x 0.35 in);Nano-SIM (cellular model only);254 g (8.96 oz);4.0 or 4.1 (LTE version), A2DP;No;GPS - cellular model only;No;microUSB 2.0;Wi-Fi 802.11 a/g/n;N/A;600 x 1024 pixels, 16:9 ratio (~170 ppi density);7.0 inches, 137.9 cm2 (~69.4% screen-to-body ratio);IPS LCD, 300 nits (typ);N/A;Accelerometer;2017, November. Released 2017, November;Discontinued;N/A;N/A;N/A;2 MP;Yes;eMMC or eMCP (LTE version);microSD;8GB 2GB RAM, 16GB 1GB RAM, 16GB 2GB RAM;Black, Silver;TB-7304I, TB-7304X, TB-7304F;About 80 EUR;1, 3, 34, 38, 39, 40, 41 - Asia;GSM 850 / 900 / 1800 / 1900;HSDPA 850 / 900 / 1900 / 2100;1, 3, 7, 8, 20 - Global;N/A;N/A;N/A;HSPA, LTE - cellular model only;GSM / HSPA / LTE;Quad-core 1.3 GHz Cortex-A35 (Wi-Fi), Quad-core 1.1 GHz Cortex-A53 (LTE);Mediatek MT8167D (Wi-Fi), Mediatek MT8735D (LTE);PowerVR GE8300 (Wi-Fi), Mali-T720MP2 (LTE);Android 7.0 (Nougat);2 MP;;N/A;Yes;Yes;N/A
