No;Phone Name;Product URL;Estimated_Price;Popularity_Fans;Battery_Charging;Battery_Type;Body_;Body_Build;Body_Dimensions;Body_SIM;Body_Weight;Comms_Bluetooth;Comms_NFC;Comms_Positioning;Comms_Radio;Comms_USB;Comms_WLAN;Display_;Display_Protection;Display_Resolution;Display_Size;Display_Type;Features_;Features_Sensors;Launch_Announced;Launch_Status;MainCamera_Dual;MainCamera_Features;MainCamera_Quad;MainCamera_Single;MainCamera_Triple;MainCamera_Video;Memory_;Memory_Cardslot;Memory_Internal;Misc_Colors;Misc_Models;Misc_Price;Misc_SAR;Misc_SAREU;Network_;Network_2Gbands;Network_3Gbands;Network_4Gbands;Network_5Gbands;Network_Speed;Network_Technology;Platform_CPU;Platform_Chipset;Platform_GPU;Platform_OS;Selfiecamera_Features;Selfiecamera_Single;Selfiecamera_Video;Sound_;Sound_35mmjack;Sound_Loudspeaker;Tests_Audioquality;Tests_Batterynew;Tests_Batteryold;Tests_Camera;Tests_Display;Tests_Loudspeaker;Tests_Performance
1;Samsung Galaxy A14 5G;https://www.gsmarena.com/samsung_galaxy_a14_5g-12004.php;N/A;N/A;15W wired;Li-Po 5000 mAh;N/A;Glass front, plastic back, plastic frame;167.7 x 78 x 9.1 mm (6.60 x 3.07 x 0.36 in);Nano-SIMNano-SIM + Nano-SIM;202 g (7.13 oz);5.2, A2DP, LE;Yes;GPS, GLONASS, GALILEO;FM radio (Exynos 1330 chipset only), recording;USB Type-C 2.0;Wi-Fi 802.11 a/b/g/n/ac, dual-band, Wi-Fi Direct;N/A;N/A;1080 x 2408 pixels, 20:9 ratio (~400 ppi density);6.6 inches, 104.9 cm2 (~80.2% screen-to-body ratio);PLS LCD, 90Hz;N/A;Fingerprint (side-mounted), accelerometer, gyro, proximity, compass, barometer (USA only);2023, January 04;Available. Released 2023, January 12;N/A;LED flash, panorama, HDR;N/A;N/A;"50 MP, f/1.8, 26mm (wide), 1/2.76"", 0.64µm, PDAF
2 MP, f/2.4, (macro)
2 MP, f/2.4, (depth)";1080p@30fps;N/A;microSDXC (uses shared SIM slot) - USA onlymicroSDXC (dedicated slot) - International;64GB 4GB RAM, 128GB 4GB RAM, 128GB 6GB RAM, 128GB 8GB RAM;Black, Light Green, Dark Red, Silver;SM-A146B, SM-A146B/DS, SM-A146P, SM-A146P/DS, SM-A146U, SM-A146U1, SM-A146U1/DS, SM-A146W, SM-A146P/N, SM-A146P/DSN, SM-S146VL, SM-A146M;$ 73.99 / € 146.99 / £ 99.00 / ₹ 13,990;1.00 W/kg (head)     1.00 W/kg (body);0.56 W/kg (head)     1.28 W/kg (body);1, 3, 5, 7, 8, 20, 28, 40, 41, 78 SA/NSA/Sub6 - India;GSM 850 / 900 / 1800 / 1900;HSDPA 850 / 900 / 1700(AWS) / 1900 / 2100;1, 2, 3, 4, 5, 7, 8, 12, 17, 20, 26, 28, 38, 40, 41, 66 - International;2, 5, 66, 77 Sub6/mmWave - USA;HSPA, LTE, 5G;GSM / HSPA / LTE / 5G;Octa-core (2x2.4 GHz Cortex-A78 & 6x2.0 GHz Cortex-A55) - SM-A146BOcta-core (2x2.2 GHz Cortex-A76 & 6x2.0 GHz Cortex-A55) - SM-A146P;Exynos 1330 (5 nm) - SM-A146BMediatek Dimensity 700 (7 nm) - SM-A146P;Mali-G68 MP2 - SM-A146BMali-G57 MC2 - SM-A146P;Android 13, upgradable to Android 14, One UI Core 6;N/A;13 MP, f/2.0, 26mm (wide), 1.12µm;1080p@30fps;N/A;Yes;Yes;N/A;N/A;Endurance rating 130h;Photo / Video;1334:1 contrast ratio, 519 nits max brightness (measured);-26.8 LUFS (Good);"AnTuTu: 307886 (v9)
GeekBench: 1727 (v5.1)
GFXBench: 12fps (ES 3.1 onscreen)"
2;Samsung Galaxy M56;https://www.gsmarena.com/samsung_galaxy_m56_5g-13801.php;N/A;N/A;45W wired;5000 mAh;N/A;Glass front (Gorilla Glass Victus+), plastic frame, glass back (Gorilla Glass Victus+);162 x 77.3 x 7.2 mm (6.38 x 3.04 x 0.28 in);Nano-SIM + Nano-SIM;180 g (6.35 oz);5.3, A2DP, LE;No;GPS, GALILEO, GLONASS, BDS, QZSS;No;USB Type-C 2.0, OTG;Wi-Fi 802.11 a/b/g/n/ac/6, dual-band, Wi-Fi Direct;N/A;Corning Gorilla Glass Victus+;1080 x 2340 pixels, 19.5:9 ratio (~382 ppi density);6.74 inches, 111.5 cm2 (~89.0% screen-to-body ratio);Super AMOLED+, 120Hz;N/A;Fingerprint (under display, optical), accelerometer, gyro, proximity, compass;2025, April 17;Available. Released 2025, April 17;N/A;LED flash, panorama, HDR;N/A;N/A;"50 MP, f/1.8, (wide), PDAF, OIS
8 MP, f/2.2, (ultrawide)
2 MP, f/2.4, (macro)";4K@30fps, 1080p@30/60fps, gyro-EIS, OIS, 10-bit HDR;UFS 3.1;No;128GB 8GB RAM, 256GB 8GB RAM;Black, Light Green;SM-M566B, SM-M566B/DS;₹ 27,998;0.71 W/kg (head);N/A;N/A;GSM 850 / 900 / 1800 / 1900;HSDPA 850 / 900 / 1700(AWS) / 1900 / 2100;1, 2, 3, 4, 5, 7, 8, 12, 17, 20, 26, 28, 38, 40, 41, 66;1, 3, 5, 8, 28, 40, 41, 78 SA/NSA/Sub6;HSPA, LTE, 5G;GSM / HSPA / LTE / 5G;Octa-core (4x2.75 GHz Cortex-A78 & 4x2.0 GHz Cortex-A55);Exynos 1480 (4 nm);Xclipse 530;Android 15, up to 6 major Android upgrades, One UI 7;N/A;12 MP, f/2.2, (wide);Yes;N/A;No;Yes;N/A;N/A;N/A;N/A;N/A;N/A;N/A
3;Samsung Galaxy S24 FE;https://www.gsmarena.com/samsung_galaxy_s24_fe-13262.php;N/A;N/A;"25W wired, PD, QC2, 50% in 30 min
15W wireless
Reverse wireless";4700 mAh;IP68 dust tight and water resistant (immersible up to 1.5m for 30 min);Glass front (Gorilla Glass Victus+), glass back (Gorilla Glass Victus+), aluminum frame;162 x 77.3 x 8 mm (6.38 x 3.04 x 0.31 in);Nano-SIMNano-SIM + Nano-SIMNano-SIM + eSIMeSIM + eSIM;213 g (7.51 oz);5.3, A2DP, LE;Yes;GPS, GLONASS, GALILEO, BDS;Unspecified;USB Type-C 3.2, OTG;Wi-Fi 802.11 a/b/g/n/ac/6e, dual-band or tri-band (market/region dependent), Wi-Fi Direct;N/A;Corning Gorilla Glass Victus+;1080 x 2340 pixels, 19.5:9 ratio (~385 ppi density);6.7 inches, 110.2 cm2 (~88.0% screen-to-body ratio);Dynamic AMOLED 2X, 120Hz, HDR10+, 1900 nits (peak);"Virtual proximity sensing
Samsung DeX
Circle to Search";Fingerprint (under display, optical), accelerometer, gyro, compass;2024, September 26;Available. Released 2024, October 03;N/A;LED flash, HDR, panorama;N/A;N/A;"50 MP, f/1.8, 24mm (wide), 1/1.57"", 1.0µm, dual pixel PDAF, OIS
8 MP, f/2.4, 75mm (telephoto), 1/4.4"", 1.0µm, PDAF, OIS, 3x optical zoom
12 MP, f/2.2, 13mm, 123˚ (ultrawide), 1/3.0"", 1.12µm";8K@30fps, 4K@30/60/120fps, 1080p@30/60/120/240fps;N/A;No;128GB 8GB RAM, 256GB 8GB RAM, 512GB 8GB RAM;Blue, Graphite, Gray, Mint, Yellow;SM-S721B, SM-S721B/DS, SM-S721U1, SM-S721U, SM-S721W, SM-S7210, SM-S721N;$ 274.95 / € 349.00 / £ 389.99 / ₹ 34,899;0.94 W/kg (head)     0.71 W/kg (body);0.86 W/kg (head)     1.29 W/kg (body);N/A;GSM 850 / 900 / 1800 / 1900;HSDPA 850 / 900 / 1700(AWS) / 1900 / 2100;1, 2, 3, 4, 5, 7, 8, 12, 17, 18, 19, 20, 25, 26, 28, 32, 38, 40, 41, 66 - International;1, 2, 3, 5, 7, 8, 12, 20, 25, 26, 28, 38, 40, 41, 66, 75, 77, 78 SA/NSA/Sub6 - International;HSPA, LTE (CA), 5G;GSM / HSPA / LTE / 5G;10-core (1x3.1 GHz + 2x2.9 GHz + 3x2.6 GHz + 4x1.95 GHz);Exynos 2400e (4 nm);Xclipse 940;Android 14, up to 7 major Android upgrades, One UI 6.1;N/A;"10 MP, f/2.4, 26mm (wide), 1/3.0"", 1.22µm";"4K@30/60fps, 1080p@30/60fps; gyro-EIS";N/A;No;Yes, with stereo speakers;N/A;Active use score 11:48h;N/A;N/A;1372 nits max brightness (measured);-24.6 LUFS (Very good);"AnTuTu: 1548896 (v10)
GeekBench: 6299 (v6)
3DMark: 3889 (Wild Life Extreme)"
4;Samsung Galaxy Tab A9;https://www.gsmarena.com/samsung_galaxy_tab_a9-12616.php;N/A;N/A;15W wired;Li-Po 5100 mAh;N/A;N/A;211 x 124.7 x 8 mm (8.31 x 4.91 x 0.31 in);Nano-SIM (cellular model only);332 g or 333 g (11.71 oz);5.3, A2DP, LE;No;GPS, GLONASS, BDS, GALILEO, QZSS - cellular model only;No;USB Type-C 2.0;Wi-Fi 802.11 a/b/g/n/ac, dual-band, Wi-Fi Direct;N/A;N/A;800 x 1340 pixels, 5:3 ratio (~179 ppi density);8.7 inches, 214.9 cm2 (~81.7% screen-to-body ratio);TFT LCD;N/A;Accelerometer, proximity, compass;2023, October 05;Available. Released 2023, October 05;N/A;N/A;N/A;8 MP, AF;N/A;1080p@30fps;N/A;microSDXC (dedicated slot);64GB 4GB RAM, 128GB 4GB RAM, 128GB 8GB RAM;Graphite, Silver, Navy;SM-X110, SM-X115;About 180 EUR;0.48 W/kg (head)     0.89 W/kg (body);0.51 W/kg (body);N/A;GSM 850 / 900 / 1800 / 1900;HSDPA 850 / 900 / 1700(AWS) / 1900 / 2100;1, 2, 3, 4, 5, 7, 8, 12, 17, 20, 28, 38, 40, 41, 66;N/A;HSPA, LTE - cellular model only;GSM / HSPA / LTE;Octa-core (2x2.2 GHz Cortex-A76 & 6x2.0 GHz Cortex-A55);Mediatek Helio G99 (6 nm);Mali-G57 MC2;Android 13, upgradable to Android 14, One UI 6.1;N/A;2 MP;Yes;N/A;Yes;Yes, with stereo speakers;N/A;N/A;N/A;N/A;N/A;N/A;N/A
5;Samsung Galaxy S23 Ultra;https://www.gsmarena.com/samsung_galaxy_s23_ultra-12024.php;N/A;N/A;"45W wired, PD3.0, 65% in 30 min
15W wireless (Qi)
4.5W reverse wireless";Li-Ion 5000 mAh;"IP68 dust tight and water resistant (immersible up to 1.5m for 30 min)
Armor aluminum frame
Stylus (Bluetooth integration, accelerometer, gyro)";Glass front (Gorilla Glass Victus 2), glass back (Gorilla Glass Victus 2), aluminum frame;163.4 x 78.1 x 8.9 mm (6.43 x 3.07 x 0.35 in);Nano-SIM + eSIMNano-SIM + Nano-SIM + eSIM (max 2 at a time);234 g (8.25 oz);5.3, A2DP, LE;Yes;GPS, GALILEO, GLONASS, BDS, QZSS;No;USB Type-C 3.2, OTG;Wi-Fi 802.11 a/b/g/n/ac/6e, tri-band, Wi-Fi Direct;N/A;Corning Gorilla Glass Victus 2;1440 x 3088 pixels, 19.3:9 ratio (~500 ppi density);6.8 inches, 114.7 cm2 (~89.9% screen-to-body ratio);Dynamic AMOLED 2X, 120Hz, HDR10+, 1200 nits (HBM), 1750 nits (peak);"Samsung DeX, Samsung Wireless DeX (desktop experience support)
Ultra Wideband (UWB) support
Circle to Search";Fingerprint (under display, ultrasonic), accelerometer, gyro, proximity, compass, barometer;2023, February 01;Available. Released 2023, February 17;N/A;Laser AF, LED flash, auto-HDR, panorama;"200 MP, f/1.7, 24mm (wide), 1/1.3"", 0.6µm, multi-directional PDAF, OIS
10 MP, f/2.4, 70mm (telephoto), 1/3.52"", 1.12µm, PDAF, OIS, 3x optical zoom
10 MP, f/4.9, 230mm (periscope telephoto), 1/3.52"", 1.12µm, PDAF, OIS, 10x optical zoom
12 MP, f/2.2, 13mm, 120˚ (ultrawide), 1/2.55"", 1.4µm, dual pixel PDAF, Super Steady video";N/A;N/A;8K@24/30fps, 4K@30/60fps, 1080p@30/60/120/240fps, HDR10+, stereo sound rec., gyro-EIS;UFS 4.0;No;256GB 8GB RAM, 256GB 12GB RAM, 512GB 12GB RAM, 1TB 12GB RAM;Phantom Black, Green, Cream, Lavender, Graphite, Sky Blue, Lime, Red, BMW M Edition;SM-S918B, SM-S918B/DS, SM-S918U, SM-S918U1, SM-S918W, SM-S918N, SM-S9180, SM-S918E, SM-S918E/DS;$ 479.95 / € 507.00 / £ 359.99 / ₹ 79,999;1.12 W/kg (head)     0.92 W/kg (body);0.96 W/kg (head)     1.40 W/kg (body);1, 7, 28, 41, 66, 71, 78, 258, 260, 261 SA/NSA/Sub6/mmWave - USA;GSM 850 / 900 / 1800 / 1900;HSDPA 850 / 900 / 1700(AWS) / 1900 / 2100;1, 2, 3, 4, 5, 7, 8, 12, 13, 17, 18, 19, 20, 25, 26, 28, 32, 38, 39, 40, 41, 66 - International;1, 2, 3, 5, 7, 8, 12, 20, 25, 28, 38, 40, 41, 66, 75, 77, 78 SA/NSA/Sub6 - International;HSPA, LTE (up to 7CA), 5G;GSM / CDMA / HSPA / EVDO / LTE / 5G;Octa-core (1x3.36 GHz Cortex-X3 & 2x2.8 GHz Cortex-A715 & 2x2.8 GHz Cortex-A710 & 3x2.0 GHz Cortex-A510);Qualcomm SM8550-AC Snapdragon 8 Gen 2 (4 nm);Adreno 740;Android 13, up to 4 major Android upgrades, One UI 6.1.1;HDR, HDR10+;"12 MP, f/2.2, 26mm (wide), 1/3.2"", 1.12µm, dual pixel PDAF";4K@30/60fps, 1080p@30fps;"32-bit/384kHz audio
Tuned by AKG";No;Yes, with stereo speakers;N/A;Active use score 13:24h;Endurance rating 126h;Photo / Video;1274 nits max brightness (measured);-25.6 LUFS (Very good);"AnTuTu: 1241531 (v9)
GeekBench: 4927 (v5.1)
3DMark: 3790 (Wild Life Extreme)"
6;Samsung Galaxy A33 5G;https://www.gsmarena.com/samsung_galaxy_a33_5g-11429.php;N/A;N/A;25W wired;Li-Po 5000 mAh;IP67 dust/water resistant (up to 1m for 30 min);Glass front (Gorilla Glass 5), plastic frame, plastic back;159.7 x 74 x 8.1 mm (6.29 x 2.91 x 0.32 in);Nano-SIMNano-SIM + Nano-SIM;186 g (6.56 oz);5.1, A2DP, LE;Yes (market/region dependent);GPS, GLONASS, GALILEO, BDS;No;USB Type-C 2.0, OTG;Wi-Fi 802.11 a/b/g/n/ac, dual-band, Wi-Fi Direct;N/A;Corning Gorilla Glass 5;1080 x 2400 pixels, 20:9 ratio (~411 ppi density);6.4 inches, 98.9 cm2 (~83.7% screen-to-body ratio);Super AMOLED, 90Hz;Virtual proximity sensing;Fingerprint (under display, optical), accelerometer, gyro, compass;2022, March 17;Available. Released 2022, April 20;N/A;LED flash, panorama, HDR;"48 MP, f/1.8, 26mm (wide), 1/2.0"", 0.8µm, PDAF, OIS
8 MP, f/2.2, 123˚, (ultrawide), 1/4.0"", 1.12µm
5 MP, f/2.4, (macro)
2 MP, f/2.4, (depth)";N/A;N/A;4K@30fps, 1080p@30/60fps;N/A;microSDXC (uses shared SIM slot);128GB 4GB RAM, 128GB 6GB RAM, 128GB 8GB RAM, 256GB 8GB RAM;Black, White, Blue, Peach;SM-A336E, SM-A336B, SM-A336B/DS, SM-A336B/DSN, SM-A336E/DS, SM-A336M, SM-A3360;€ 154.51 / £ 120.00;0.35 W/kg (head);0.57 W/kg (head)     1.59 W/kg (body);N/A;GSM 850 / 900 / 1800 / 1900;HSDPA 850 / 900 / 1700(AWS) / 1900 / 2100;1, 2, 3, 4, 5, 7, 8, 12, 17, 20, 26, 28, 32, 38, 40, 41, 66;1, 3, 5, 7, 8, 20, 28, 38, 40, 41, 66, 78 SA/NSA/Sub6;HSPA, LTE, 5G;GSM / HSPA / LTE / 5G;Octa-core (2x2.4 GHz Cortex-A78 & 6x2.0 GHz Cortex-A55);Exynos 1280 (5 nm);Mali-G68;Android 12, up to 4 major Android upgrades, One UI 6.1;N/A;"13 MP, f/2.2, (wide), 1/3.1"", 1.12µm";4K@30fps, 1080p@30fps;N/A;No;Yes, with stereo speakers;N/A;N/A;Endurance rating 104h;Photo / Video;728 nits max brightness (measured);-26.5 LUFS (Good);"AnTuTu: 354420 (v8), 394918 (v9)
GeekBench: 1900 (v5.1)
GFXBench: 20fps (ES 3.1 onscreen)"
7;Samsung Galaxy S23 FE;https://www.gsmarena.com/samsung_galaxy_s23_fe-12520.php;N/A;N/A;"25W wired, PD3.0, 50% in 30 min
15W wireless
Reverse wireless";Li-Ion 4500 mAh;IP68 dust tight and water resistant (immersible up to 1.5m for 30 min);Glass front (Gorilla Glass 5), glass back (Gorilla Glass 5), aluminum frame;158 x 76.5 x 8.2 mm (6.22 x 3.01 x 0.32 in);Nano-SIMNano-SIM + Nano-SIMNano-SIM + Nano-SIM + eSIM (max 2 at a time);209 g (7.37 oz);5.3, A2DP, LE;Yes;GPS, GLONASS, GALILEO, BDS;Unspecified;USB Type-C, OTG;Wi-Fi 802.11 a/b/g/n/ac/6e, dual-band, Wi-Fi Direct;N/A;Corning Gorilla Glass 5;1080 x 2340 pixels, 19.5:9 ratio (~403 ppi density);6.4 inches, 100.5 cm2 (~83.2% screen-to-body ratio);Dynamic AMOLED 2X, 120Hz, HDR10+, 1450 nits (peak);"Virtual proximity sensing
Samsung DeX
Circle to Search";Fingerprint (under display, optical), accelerometer, gyro, compass;2023, October 04;Available. Released 2023, October 05;N/A;LED flash, HDR, panorama;N/A;N/A;"50 MP, f/1.8, 23mm (wide), 1/1.57"", 1.0µm, dual pixel PDAF, OIS
8 MP, f/2.4, 76mm (telephoto), 1/4.5"", 1.0µm, PDAF, OIS, 3x optical zoom
12 MP, f/2.2, 13mm, 123˚ (ultrawide), 1/3.0"", 1.12µm";8K@24fps, 4K@30/60fps, 1080p@30/60/120/240fps;N/A;No;128GB 8GB RAM, 256GB 8GB RAM;Mint, Cream, Graphite, Purple, Indigo, Tangerine;SM-S711B, SM-S711B/DS, SM-S711U1, SM-S711U, SM-S711W, SM-S7110, SM-S711N;$ 219.99 / € 341.00 / £ 259.00 / ₹ 37,690;0.80 W/kg (head)     0.72 W/kg (body);0.76 W/kg (head)     1.04 W/kg (body);N/A;GSM 850 / 900 / 1800 / 1900;HSDPA 850 / 900 / 1700(AWS) / 1900 / 2100;1, 2, 3, 4, 5, 7, 8, 12, 13, 17, 20, 26, 28, 38, 40, 41, 66 - International;1, 2, 3, 5, 7, 8, 20, 28, 38, 40, 41, 66, 77, 78 SA/NSA/Sub6 - International;HSPA, LTE (CA), 5G;GSM / HSPA / LTE / 5G;Octa-core (1x2.8 GHz Cortex-X2 & 3x2.50 GHz Cortex-A710 & 4x1.8 GHz Cortex-A510) - InternationalOcta-core (1x3.00 GHz Cortex-X2 & 3x2.50 GHz Cortex-A710 & 4x1.80 GHz Cortex-A510) - USA;Exynos 2200 (4 nm) - InternationalQualcomm SM8450 Snapdragon 8 Gen 1 (4 nm) - USA;Xclipse 920 - InternationalAdreno 730 - USA;Android 13, up to 4 major Android upgrades, One UI 6.1;N/A;"10 MP, f/2.4, 25mm (wide), 1/3.0"", 1.22µm";"4K@30/60fps, 1080p@30/60fps; gyro-EIS";N/A;No;Yes, with stereo speakers;N/A;Active use score 8:28h;N/A;Photo / Video;985 nits max brightness (measured);-23.7 LUFS (Very good);"AnTuTu: 940921 (v9) | 1129280 (v10)
GeekBench: 3550 (v5.1) | 3946 (v6)
GFXBench: 79fps (ES 3.1 onscreen)"
8;Samsung Galaxy A52s 5G;https://www.gsmarena.com/samsung_galaxy_a52s_5g-11039.php;N/A;N/A;25W wired;Li-Ion 4500 mAh;IP67 dust/water resistant (up to 1m for 30 min);Glass front (Gorilla Glass 5), plastic back;159.9 x 75.1 x 8.4 mm (6.30 x 2.96 x 0.33 in);Nano-SIMNano-SIM + Nano-SIM;189 g (6.67 oz);5.0, A2DP, LE;Yes (market/region dependent);GPS, GLONASS, GALILEO, BDS, QZSS;No;USB Type-C 2.0, OTG;Wi-Fi 802.11 a/b/g/n/ac/6, dual-band, Wi-Fi Direct;N/A;Corning Gorilla Glass 5;1080 x 2400 pixels, 20:9 ratio (~405 ppi density);6.5 inches, 102.0 cm2 (~84.9% screen-to-body ratio);Super AMOLED, 120Hz, 800 nits (HBM);Virtual Proximity Sensing;Fingerprint (under display, optical), accelerometer, gyro, compass;2021, August 17;Available. Released 2021, September 01;N/A;LED flash, panorama, HDR;"64 MP, f/1.8, 26mm (wide), 1/1.7"", 0.8µm, PDAF, OIS
12 MP, f/2.2, 123˚ (ultrawide), 1.12µm
5 MP, f/2.4, (macro)
5 MP, f/2.4, (depth)";N/A;N/A;"4K@30fps, 1080p@30/60fps; gyro-EIS";N/A;microSDXC (uses shared SIM slot);128GB 4GB RAM, 128GB 6GB RAM, 128GB 8GB RAM, 256GB 6GB RAM, 256GB 8GB RAM;Awesome Black, Awesome White, Awesome Purple, Awesome Mint;SM-A528B, SM-A528B/DS, SM-A528N;€ 253.80 / £ 90.00;0.72 W/kg (head);0.88 W/kg (head)     0.84 W/kg (body);N/A;GSM 850 / 900 / 1800 / 1900;HSDPA 850 / 900 / 1700(AWS) / 1900 / 2100;1, 2, 3, 4, 5, 7, 8, 12, 17, 20, 26, 28, 32, 38, 40, 41, 66;1, 3, 5, 7, 8, 20, 28, 38, 40, 41, 66, 78 SA/NSA/Sub6;HSPA 42.2/5.76 Mbps, LTE (CA) Cat18 1200/150 Mbps, 5G;GSM / HSPA / LTE / 5G;Octa-core (1x2.4 GHz Cortex-A78 & 3x2.2 GHz Cortex-A78 & 4x1.9 GHz Cortex-A55);Qualcomm SM7325 Snapdragon 778G 5G (6 nm);Adreno 642L;Android 11, upgradable to Android 14, One UI 6;HDR;"32 MP, f/2.2, 26mm (wide), 1/2.8"", 0.8µm";4K@30fps, 1080p@30/60fps;N/A;Yes;Yes, with stereo speakers;N/A;N/A;Endurance rating 113h;Photo / Video;800 nits max brightness (measured);-27.5 LUFS (Good);"AnTuTu:  429675 (v8),  506432(v9)
GeekBench: 11060 (v4.4), 2801 (v5.1)
GFXBench: 28fps (ES 3.1 onscreen)"
9;Samsung Galaxy Note10+;https://www.gsmarena.com/samsung_galaxy_note10+-9732.php;N/A;N/A;"45W wired, PD3.0
15W wireless (Qi)
4.5W reverse wireless";Li-Ion 4300 mAh, non-removable;"IP68 dust tight and water resistant (immersible up to 1.5m for 30 min)
Stylus, 42ms latency (Bluetooth integration, accelerometer, gyro)";Glass front (Gorilla Glass 6), glass back (Gorilla Glass 6), aluminum frame;162.3 x 77.2 x 7.9 mm (6.39 x 3.04 x 0.31 in);Nano-SIMNano-SIM + Nano-SIM;196 g (6.91 oz);5.0, A2DP, LE, aptX;Yes;GPS, GLONASS, BDS, GALILEO;FM radio (USA & Canada only);USB Type-C 3.1;Wi-Fi 802.11 a/b/g/n/ac/6, dual-band, Wi-Fi Direct;N/A;Corning Gorilla Glass 6;1440 x 3040 pixels, 19:9 ratio (~498 ppi density);6.8 inches, 114.0 cm2 (~91.0% screen-to-body ratio);Dynamic AMOLED, HDR10+;"Samsung DeX, Samsung Wireless DeX (desktop experience support)
ANT+";Fingerprint (under display, ultrasonic), accelerometer, gyro, proximity, compass, barometer;2019, August 07;Available. Released 2019, August 23;N/A;LED flash, auto-HDR, panorama;N/A;N/A;"12 MP, f/1.5-2.4, 27mm (wide), 1/2.55"", 1.4µm, dual pixel PDAF, OIS
12 MP, f/2.1, 52mm (telephoto), 1/3.6"", 1.0µm, PDAF, OIS, 2x optical zoom
16 MP, f/2.2, 12mm (ultrawide), 1/3.1"", 1.0µm, Super Steady video
0.3 MP, TOF 3D, (depth)";4K@30/60fps, 1080p@30/60/240fps, 720p@960fps, HDR10+, stereo sound rec., gyro-EIS & OIS;UFS 3.0;microSDXC (uses shared SIM slot) - dual SIM model only;256GB 12GB RAM, 512GB 12GB RAM;Aura Glow, Aura White, Aura Black, Aura Blue;SM-N975F, SM-N975U, SM-N9750, SM-N975U1, SM-N975W, SM-N975N, SM-N975X, SCV45;About 220 EUR;0.35 W/kg (head)     0.70 W/kg (body);0.19 W/kg (head)     1.40 W/kg (body);1, 2, 3, 4, 5, 7, 8, 12, 13, 18, 19, 20, 25, 29, 30, 38, 39, 40, 41, 46, 66, 71 - Canada;GSM 850 / 900 / 1800 / 1900;HSDPA 850 / 900 / 1700(AWS) / 1900 / 2100;1, 2, 3, 4, 5, 7, 8, 12, 13, 17, 18, 19, 20, 25, 26, 28, 32, 38, 39, 40, 41, 66 - Global, LATAM;N/A;HSPA 42.2/5.76 Mbps, LTE (7CA) Cat20 2000/150 Mbps;GSM / CDMA / HSPA / EVDO / LTE;Octa-core (2x2.73 GHz Mongoose M4 & 2x2.4 GHz Cortex-A75 & 4x1.9 GHz Cortex-A55) - EMEA/LATAMOcta-core (1x2.84 GHz Kryo 485 & 3x2.42 GHz Kryo 485 & 4x1.78 GHz Kryo 485) - USA/China;Exynos 9825 (7 nm) - EMEA/LATAMQualcomm SM8150 Snapdragon 855 (7 nm) - USA/China;Mali-G76 MP12 - EMEA/LATAMAdreno 640 - USA/China;Android 9.0 (Pie), upgradable to Android 12, One UI 4;HDR;"10 MP, f/2.2, 26mm (wide), 1/3"", 1.22µm, dual pixel PDAF";4K@30/60fps;"32-bit/384kHz audio
Tuned by AKG";No;Yes, with stereo speakers;Noise -94.0dB / Crosstalk -95.1dB;N/A;Endurance rating 107h;Photo / Video;794 nits max brightness (measured);-26.0 LUFS (Very good);"AnTuTu: 342208 (v7), 438622 (v8)
GeekBench: 10403 (v4.4), 2154 (v5.1)
GFXBench: 24fps (ES 3.1 onscreen)"
10;Samsung Galaxy S21 FE 5G;https://www.gsmarena.com/samsung_galaxy_s21_fe_5g-10954.php;N/A;N/A;"25W wired, PD3.0, 50% in 30 min
15W wireless
Reverse wireless";Li-Ion 4500 mAh;IP68 dust tight and water resistant (immersible up to 1.5m for 30 min);Glass front (Gorilla Glass Victus), plastic back, aluminum frame;155.7 x 74.5 x 7.9 mm (6.13 x 2.93 x 0.31 in);Nano-SIMNano-SIM + Nano-SIM;177 g (6.24 oz);5.0, A2DP, LE;Yes;GPS, GLONASS, BDS, GALILEO;Unspecified;USB Type-C, OTG;Wi-Fi 802.11 a/b/g/n/ac/6, dual-band, Wi-Fi Direct;N/A;Corning Gorilla Glass Victus;1080 x 2340 pixels, 19.5:9 ratio (~403 ppi density);6.4 inches, 100.5 cm2 (~86.7% screen-to-body ratio);Dynamic AMOLED 2X, 120Hz, HDR10+;"Samsung DeX (desktop experience support)
Circle to Search";Fingerprint (under display, optical), accelerometer, gyro, proximity, compass;2022, January 04;Available. Released 2022, January 07;N/A;LED flash, auto-HDR, panorama;N/A;N/A;"12 MP, f/1.8, 26mm (wide), 1/1.76"", 1.8µm, dual pixel PDAF, OIS
8 MP, f/2.4, 76mm (telephoto), 1/4.5"", 1.0µm, PDAF, OIS, 3x optical zoom
12 MP, f/2.2, 13mm, 123˚ (ultrawide), 1/3.0"", 1.12µm";4K@30/60fps, 1080p@30/60/120/240fps, HDR10+, gyro-EIS;UFS 3.1;No;128GB 6GB RAM, 128GB 8GB RAM, 256GB 6GB RAM, 256GB 8GB RAM;White, Graphite, Lavender, Olive;SM-G990B, SM-G990B/DS, SM-G990U, SM-G990U1, SM-G990W, SM-G990E, SM-G9900, SM-G990B2, SM-G990U2, SM-G990W2, SM-G990U3;$ 139.00 / € 279.95 / £ 150.00 / ₹ 29,999;0.77 W/kg (head)     0.90 W/kg (body);0.95 W/kg (head)     1.48 W/kg (body);41, 66, 71, 260, 261 SA/NSA/Sub6/mmWave - USA;GSM 850 / 900 / 1800 / 1900;HSDPA 850 / 900 / 1700(AWS) / 1900 / 2100;1, 2, 3, 4, 5, 7, 8, 12, 17, 20, 26, 28, 32, 38, 40, 41, 66 - International;1, 3, 5, 8, 20, 28, 38, 40, 41, 66, 78 SA/NSA/Sub6 - International;HSPA 42.2/5.76 Mbps, LTE (5CA) Cat19 1600/200 Mbps, 5G;GSM / CDMA / HSPA / EVDO / LTE / 5G;Octa-core (1x2.84 GHz Cortex-X1 & 3x2.42 GHz Cortex-A78 & 4x1.80 GHz Cortex-A55) - Version 1Octa-core (1x2.9 GHz Cortex-X1 & 3x2.80 GHz Cortex-A78 & 4x2.2 GHz Cortex-A55) - Version 2;Qualcomm SM8350 Snapdragon 888 5G (5 nm) - Version 1Exynos 2100 (5 nm) - Version 2;Adreno 660 - Version 1Mali-G78 MP14 - Version 2;Android 12, up to 4 major Android upgrades, One UI 6.1;HDR;"32 MP, f/2.2, 26mm (wide), 1/2.74"", 0.8µm";4K@30/60fps, 1080p@30/60fps, gyro-EIS;32-bit/384kHz audio;No;Yes, with stereo speakers;N/A;N/A;Endurance rating 92h;Photo / Video;792 nits max brightness (measured);-26.9 LUFS (Good);"AnTuTu: 566529 (v8), 719696 (v9)
GeekBench: 3049 (v5.1)
GFXBench: 56fps (ES 3.1 onscreen)"
11;Samsung Galaxy M36;https://www.gsmarena.com/samsung_galaxy_m36_5g-13967.php;N/A;N/A;25W wired;5000 mAh;Drop resistant up to 2m;Glass front (Gorilla Glass Victus+), plastic frame, glass back;-;Nano-SIM + Nano-SIM;-;5.3, A2DP, LE;No;GPS, GALILEO, GLONASS, BDS, QZSS;No;USB Type-C 2.0, OTG;Wi-Fi 802.11 a/b/g/n/ac/6, dual-band, Wi-Fi Direct;N/A;Corning Gorilla Glass Victus+;1080 x 2340 pixels, 19.5:9 ratio (~385 ppi density);6.7 inches, 110.2 cm2;Super AMOLED, 120Hz;Virtual proximity sensing;Fingerprint (side-mounted), accelerometer, gyro, compass;Not announced yet;Rumored;N/A;LED flash, panorama, HDR;N/A;N/A;"50 MP, f/1.8, (wide), 1/1.96"", PDAF, OIS
8 MP, f/2.2, 123˚, (ultrawide), 1/4.0"", 1.12µm
2 MP, f/2.4, (macro)";4K@30fps, 1080p@30/60fps, 720p@480fps, gyro-EIS;UFS 2.2;microSDXC (uses shared SIM slot);128GB 6GB RAM, 256GB 8GB RAM;Orange Haze, Velvet Black, Serene Green;N/A;N/A;N/A;N/A;N/A;GSM 850 / 900 / 1800 / 1900;HSDPA 850 / 900 / 1700(AWS) / 1900 / 2100;LTE;SA/NSA/Sub6;HSPA, LTE, 5G;GSM / HSPA / LTE / 5G;Octa-core (4x2.4 GHz Cortex-A78 & 4x2.0 GHz Cortex-A55);Exynos 1380 (5 nm);Mali-G68 MP5;Android 15, One UI 7;HDR;"13 MP, f/2.2, (wide), 1/3.06"", 1.12µm";4K@30fps, 1080p@30fps;N/A;No;Yes, with stereo speakers;N/A;N/A;N/A;N/A;N/A;N/A;N/A
12;Samsung Galaxy S22 5G;https://www.gsmarena.com/samsung_galaxy_s22_5g-11253.php;N/A;N/A;"25W wired, PD3.0
15W wireless (Qi)
4.5W reverse wireless";Li-Ion 3700 mAh;"IP68 dust tight and water resistant (immersible up to 1.5m for 30 min)
Armor aluminum frame";Glass front (Gorilla Glass Victus+), glass back (Gorilla Glass Victus+), aluminum frame;146 x 70.6 x 7.6 mm (5.75 x 2.78 x 0.30 in);Nano-SIM + eSIMNano-SIM + Nano-SIM + eSIM (max 2 at a time);167 g / 168 g (mmWave) (5.89 oz);5.2, A2DP, LE;Yes;GPS, GLONASS, BDS, GALILEO;No;USB Type-C 3.2, OTG;Wi-Fi 802.11 a/b/g/n/ac/6, dual-band, Wi-Fi Direct;N/A;Corning Gorilla Glass Victus+;1080 x 2340 pixels, 19.5:9 ratio (~425 ppi density);6.1 inches, 90.1 cm2 (~87.4% screen-to-body ratio);Dynamic AMOLED 2X, 120Hz, HDR10+, 1300 nits (peak);"Samsung DeX, Samsung Wireless DeX (desktop experience support)
Circle to Search";Fingerprint (under display, ultrasonic), accelerometer, gyro, proximity, compass, barometer;2022, February 09;Available. Released 2022, February 25;N/A;LED flash, auto-HDR, panorama;N/A;N/A;"50 MP, f/1.8, 23mm (wide), 1/1.56"", 1.0µm, dual pixel PDAF, OIS
10 MP, f/2.4, 70mm (telephoto), 1/3.94"", 1.0µm, PDAF, OIS, 3x optical zoom
12 MP, f/2.2, 13mm, 120˚ (ultrawide), 1/2.55"" 1.4µm, Super Steady video";8K@24fps, 4K@30/60fps, 1080p@30/60/120/240fps, HDR10+, stereo sound rec., gyro-EIS;UFS 3.1;No;128GB 8GB RAM, 256GB 8GB RAM;Phantom Black, White, Pink Gold, Green, Graphite, Sky Blue, Violet, Cream, Bora Purple;SM-S901B, SM-S901B/DS, SM-S901U, SM-S901U1, SM-S901W, SM-S901N, SM-S9010, SM-S901E, SM-S901E/DS;$ 189.15 / € 267.89 / £ 204.00 / ₹ 49,990;1.03 W/kg (head)     1.15 W/kg (body);1.21 W/kg (head)     1.59 W/kg (body);1, 3, 5, 7, 8, 20, 28, 38, 41, 66, 71, 260, 261 SA/NSA/Sub6/mmWave - USA;GSM 850 / 900 / 1800 / 1900;HSDPA 850 / 900 / 1700(AWS) / 1900 / 2100;1, 2, 3, 4, 5, 7, 8, 12, 13, 17, 18, 19, 20, 25, 26, 28, 32, 38, 39, 40, 41, 66 - International;1, 2, 3, 5, 7, 8, 12, 20, 25, 28, 38, 40, 41, 66, 75, 77, 78 SA/NSA/Sub6 - International;HSPA 42.2/5.76 Mbps, LTE (7CA) Cat20 2000/200 Mbps, 5G (5+ Gbps DL);GSM / CDMA / HSPA / EVDO / LTE / 5G;Octa-core (1x2.8 GHz Cortex-X2 & 3x2.50 GHz Cortex-A710 & 4x1.8 GHz Cortex-A510) - EuropeOcta-core (1x3.00 GHz Cortex-X2 & 3x2.50 GHz Cortex-A710 & 4x1.80 GHz Cortex-A510) - ROW;Exynos 2200 (4 nm) - EuropeQualcomm SM8450 Snapdragon 8 Gen 1 (4 nm) - ROW;Xclipse 920 - EuropeAdreno 730 - ROW;Android 12, up to 4 major Android upgrades, One UI 6.1.1;HDR;"10 MP, f/2.2, 26mm (wide), 1/3.24"", 1.22µm, dual pixel PDAF";4K@30/60fps, 1080p@30fps;"32-bit/384kHz audio
Tuned by AKG";No;Yes, with stereo speakers;N/A;N/A;Endurance rating 85h;Photo / Video;982 nits max brightness (measured);-26.4 LUFS (Good);"AnTuTu: 745496 (v8), 881428 (v9)
GeekBench: 3682 (v5.1)
GFXBench: 69fps (ES 3.1 onscreen)"
13;Samsung Galaxy S20 FE 5G;https://www.gsmarena.com/samsung_galaxy_s20_fe_5g-10377.php;N/A;N/A;"25W wired, PD3.0
15W wireless (Qi)
4.5W reverse wireless";Li-Ion 4500 mAh;IP68 dust tight and water resistant (immersible up to 1.5m for 30 min);Glass front (Gorilla Glass 3), plastic back, aluminum frame;159.8 x 74.5 x 8.4 mm (6.29 x 2.93 x 0.33 in);Nano-SIMNano-SIM + Nano-SIM;190 g (6.70 oz);5.0, A2DP, LE;Yes;GPS, GLONASS, BDS, GALILEO;No;USB Type-C 3.2, OTG;Wi-Fi 802.11 a/b/g/n/ac/6, dual-band, Wi-Fi Direct;N/A;Corning Gorilla Glass 3;1080 x 2400 pixels, 20:9 ratio (~407 ppi density);6.5 inches, 101.0 cm2 (~84.8% screen-to-body ratio);Super AMOLED, 120Hz, HDR10+;Virtual proximity sensing;Fingerprint (under display, optical), accelerometer, gyro, compass;2020, September 23;Available. Released 2020, October 02;N/A;LED flash, auto-HDR, panorama;N/A;N/A;"12 MP, f/1.8, 26mm (wide), 1/1.76"", 1.8µm, dual pixel PDAF, OIS
8 MP, f/2.4, 76mm (telephoto), 1/4.5"", 1.0µm, PDAF, OIS, 3x optical zoom
12 MP, f/2.2, 13mm, 123˚ (ultrawide), 1/3.0"", 1.12µm";4K@30/60fps, 1080p@30/60fps, gyro-EIS;UFS 3.1;microSDXC (uses shared SIM slot);128GB 6GB RAM, 128GB 8GB RAM, 256GB 6GB RAM, 256GB 8GB RAM;Cloud Lavender, Cloud Mint, Cloud Navy, Cloud White, Cloud Red, Cloud Orange;SM-G781B, SM-G781B/DS, SM-G781U, SM-G781U1, SM-G781W, SM-G7810, SM-G781N, SM-G781V;$ 154.00 / € 206.77 / £ 164.99 / ₹ 29,999;0.70 W/kg (head)     0.82 W/kg (body);0.50 W/kg (head)     1.35 W/kg (body);1, 3, 5, 7, 8, 28, 40, 41, 78 Sub6 - International;GSM 850 / 900 / 1800 / 1900;HSDPA 850 / 900 / 1700(AWS) / 1900 / 2100;1, 2, 3, 4, 5, 7, 8, 12, 13, 14, 20, 25, 26, 28, 29, 30, 38, 39, 40, 41, 46, 66, 71 - USA;2, 5, 41, 66, 71 Sub6 - USA;HSPA 42.2/5.76 Mbps, LTE (5CA) Cat19 1800/200 Mbps, 5G;GSM / CDMA / HSPA / EVDO / LTE / 5G;Octa-core (1x2.84 GHz Cortex-A77 & 3x2.42 GHz Cortex-A77 & 4x1.80 GHz Cortex-A55);Qualcomm SM8250 Snapdragon 865 5G (7 nm+);Adreno 650;Android 10, upgradable to Android 13, One UI 5.1;HDR;"32 MP, f/2.2, 26mm (wide), 1/2.74"", 0.8µm";4K@30/60fps, 1080p@30/60fps, gyro-EIS;"32-bit/384kHz audio
Tuned by AKG";No;Yes, with stereo speakers;N/A;N/A;Endurance rating 110h;Photo / Video;822 nits max brightness (measured);-26.3 LUFS (Good);"AnTuTu: 543986 (v8)
GeekBench: 3296 (v5.1)
GFXBench: 45fps (ES 3.1 onscreen)"
14;Samsung Galaxy Z Fold6;https://www.gsmarena.com/samsung_galaxy_z_fold6-13147.php;N/A;N/A;"25W wired, QC2.0, 50% in 30 min
15W wireless
4.5W reverse wireless";Li-Po 4400 mAh;"IP48 dust and water resistant (dust > 1mm; immersible up to 1.5m for 30 min)
Armor aluminum frame
Stylus support";Glass front (Gorilla Glass Victus 2) (folded), plastic front (unfolded), glass back (Gorilla Glass Victus 2), aluminum frame;Unfolded: 153.5 x 132.6 x 5.6 mmFolded: 153.5 x 68.1 x 12.1 mm;Nano-SIM + eSIMeSIM + eSIMNano-SIM + Nano-SIM (SM-F9560);239 g (8.43 oz);5.3, A2DP, LE, aptX HD;Yes;GPS, GALILEO, GLONASS, BDS, QZSS;No;USB Type-C 3.2, OTG;Wi-Fi 802.11 a/b/g/n/ac/6e, tri-band, Wi-Fi Direct;"Cover display:
Dynamic LTPO AMOLED 2X, 120Hz, 2600 nits (peak), Corning Gorilla Glass Victus 2
6.3 inches, 968 x 2376 pixels, 410 ppi";N/A;1856 x 2160 pixels (~374 ppi density);7.6 inches, 185.2 cm2 (~91.0% screen-to-body ratio);Foldable Dynamic LTPO AMOLED 2X, 120Hz, HDR10+, 2600 nits (peak);"Samsung DeX (desktop experience support)
Ultra Wideband (UWB) support
Circle to Search";Fingerprint (side-mounted), accelerometer, gyro, proximity, compass, barometer;2024, July 10;Available. Released 2024, July 24;N/A;LED flash, HDR, panorama;N/A;N/A;"50 MP, f/1.8, 23mm (wide), 1/1.57"", 1.0µm, dual pixel PDAF, OIS
10 MP, f/2.4, 66mm (telephoto), 1/3.94"", 1.0µm, PDAF, OIS, 3x optical zoom
12 MP, f/2.2, 123˚, 12mm (ultrawide), 1/3.2"", 1.12µm";8K@30fps, 4K@60fps, 1080p@60/120/240fps (gyro-EIS), 720p@960fps (gyro-EIS), HDR10+;UFS 4.0;No;256GB 12GB RAM, 512GB 12GB RAM, 1TB 12GB RAM;Navy, Silver Shadow, Pink, Black, White;SM-F956B, SM-F956B/DS, SM-F956U, SM-F956U1, SM-F956N, SM-F956W, SM-F9560;$ 999.00 / € 919.88 / £ 889.69 / ₹ 126,990;N/A;1.24 W/kg (head)     1.39 W/kg (body);1, 2, 5, 7, 25, 28, 41, 66, 71, 77, 78, 257, 258, 260, 261 SA/NSA/Sub6/mmWave - USA;GSM 850 / 900 / 1800 / 1900;HSDPA 850 / 900 / 1700(AWS) / 1900 / 2100;1, 2, 3, 4, 5, 7, 8, 12, 13, 17, 18, 19, 20, 25, 26, 28, 32, 38, 39, 40, 41, 66 - International;1, 2, 3, 5, 7, 8, 12, 20, 25, 26, 28, 38, 40, 41, 66, 75, 77, 78 SA/NSA/Sub6 - International;HSPA, LTE (CA), 5G;GSM / CDMA / HSPA / EVDO / LTE / 5G;8-core (1x3.39GHz Cortex-X4 & 3x3.1GHz Cortex-A720 & 2x2.9GHz Cortex-A720 & 2x2.2GHz Cortex-A520);Qualcomm SM8650-AC Snapdragon 8 Gen 3 (4 nm);Adreno 750 (1 GHz);Android 14, up to 7 major Android upgrades, One UI 6.1.1;HDR;"4 MP, f/1.8, 26mm (wide), 1/3.0"", 2.0µm, under display
Cover camera:
10 MP, f/2.2, 24mm (wide), 1/3.0"", 1.22µm";4K@30/60fps, 1080p@30/60fps, gyro-EIS;"32-bit/384kHz audio
Tuned by AKG";No;Yes, with stereo speakers;N/A;Active use score 11:31h;N/A;N/A;1630 nits max brightness (measured);-26.5 LUFS (Good);"AnTuTu: 1608744 (v10)
GeekBench: 6757 (v6)
3DMark: 4644 (Wild Life Extreme)"
15;Samsung Galaxy A05;https://www.gsmarena.com/samsung_galaxy_a05-12583.php;N/A;N/A;25W wired;Li-Po 5000 mAh;N/A;Glass front, plastic back, plastic frame;168.8 x 78.2 x 8.8 mm (6.65 x 3.08 x 0.35 in);Nano-SIMNano-SIM + Nano-SIM;195 g (6.88 oz);5.3, A2DP, LE;No;GPS, GLONASS, GALILEO, BDS;Unspecified;USB Type-C 2.0;Wi-Fi 802.11 a/b/g/n/ac, dual-band, Wi-Fi Direct;N/A;N/A;720 x 1600 pixels, 20:9 ratio (~262 ppi density);6.7 inches, 108.4 cm2 (~82.1% screen-to-body ratio);PLS LCD;N/A;Accelerometer, proximity;2023, September 25;Available. Released 2023, October 15;"50 MP, f/1.8, (wide),  1/2.8"", 0.64µm, AF
2 MP, f/2.4, (depth)";LED flash;N/A;N/A;N/A;1080p@30/60fps;eMMC 5.1;microSDXC;32GB 3GB RAM, 64GB 4GB RAM, 128GB 4GB RAM, 128GB 6GB RAM;Black, Silver, Light Green;SM-A055F, SM-A055F/DS, SM-A055M, SM-A055M/DS;$ 92.85 / € 124.99 / £ 72.70 / ₹ 7,389;N/A;0.41 W/kg (head)     1.19 W/kg (body);N/A;GSM 850 / 900 / 1800 / 1900;HSDPA 850 / 900 / 2100;1, 3, 5, 7, 8, 20, 28, 38, 40, 41;N/A;HSPA, LTE;GSM / HSPA / LTE;Octa-core (2x2.0 GHz Cortex-A75 & 6x1.8 GHz Cortex-A55);Mediatek Helio G85 (12 nm);Mali-G52 MC2;Android 13, up to 2 major Android upgrades;N/A;"8 MP, f/2.0, (wide), 1/4.0"", 1.12µm";Yes;N/A;Yes;Yes;N/A;N/A;N/A;N/A;N/A;N/A;N/A
16;Samsung Galaxy A32;https://www.gsmarena.com/samsung_galaxy_a32-10753.php;N/A;N/A;15W wired;Li-Ion 5000 mAh;N/A;Glass front (Gorilla Glass 5), plastic frame, plastic back;158.9 x 73.6 x 8.4 mm (6.26 x 2.90 x 0.33 in);Nano-SIMNano-SIM + Nano-SIM;184 g (6.49 oz);5.0, A2DP, LE;Yes (market/region dependent);GPS, GLONASS, BDS, GALILEO;FM radio, RDS, recording;USB Type-C 2.0, OTG;Wi-Fi 802.11 a/b/g/n/ac, dual-band, Wi-Fi Direct;N/A;Corning Gorilla Glass 5;1080 x 2400 pixels, 20:9 ratio (~411 ppi density);6.4 inches, 98.9 cm2 (~84.6% screen-to-body ratio);Super AMOLED, 90Hz, 800 nits (HBM);Virtual proximity sensing;Fingerprint (under display, optical), accelerometer, gyro, compass;2021, February 25;Available. Released 2021, February 25;N/A;LED flash, panorama, HDR;"64 MP, f/1.8, 26mm (wide), PDAF
8 MP, f/2.2, 123˚, (ultrawide), 1/4.0"", 1.12µm
5 MP, f/2.4, (macro)
5 MP, f/2.4, (depth)";N/A;N/A;1080p@30fps;N/A;microSDXC (dedicated slot);64GB 4GB RAM, 64GB 6GB RAM, 128GB 4GB RAM, 128GB 6GB RAM, 128GB 8GB RAM;Awesome Black, Awesome White, Awesome Blue, Awesome Violet;SM-A325F, SM-A325F/DS, SM-A325M, SM-A325N;€ 130.89 / £ 104.99 / ₹ 20,999;N/A;0.45 W/kg (head)     1.30 W/kg (body);N/A;GSM 850 / 900 / 1800 / 1900;HSDPA 850 / 900 / 1900 / 2100;1, 2, 3, 5, 7, 8, 20, 28, 38, 40, 41;N/A;HSPA, LTE;GSM / HSPA / LTE;Octa-core (2x2.0 GHz Cortex-A75 & 6x1.8 GHz Cortex-A55);Mediatek MT6769V/CU Helio G80 (12 nm);Mali-G52 MC2;Android 11, upgradable to Android 13, One UI 5;N/A;20 MP, f/2.2, (wide);1080p@30fps;N/A;Yes;Yes;N/A;N/A;Endurance rating 119h;Photo / Video;814 nits max brightness (measured);-30.3 LUFS (Below average);"AnTuTu: 286666 (v8)
GeekBench: 1277 (v5.1)
GFXBench: 8.1fps (ES 3.1 onscreen)"
17;Samsung Galaxy A15 5G;https://www.gsmarena.com/samsung_galaxy_a15_5g-12638.php;N/A;N/A;25W wired;5000 mAh;N/A;Glass front, plastic back, plastic frame;160.1 x 76.8 x 8.4 mm (6.30 x 3.02 x 0.33 in);Nano-SIMNano-SIM + Nano-SIM;200 g (7.05 oz);5.3, A2DP, LE;Yes (market/region dependent);GPS, GALILEO, GLONASS, BDS, QZSS;No;USB Type-C 2.0;Wi-Fi 802.11 a/b/g/n/ac, dual-band, Wi-Fi Direct;N/A;N/A;1080 x 2340 pixels, 19.5:9 ratio (~396 ppi density);6.5 inches, 103.7 cm2 (~84.3% screen-to-body ratio);Super AMOLED, 90Hz, 800 nits (HBM);Virtual proximity sensing;Fingerprint (side-mounted), accelerometer, gyro, compass;2023, December 11;Available. Released 2023, December 16;N/A;LED flash, panorama, HDR;N/A;N/A;"50 MP, f/1.8, (wide), AF
5 MP, f/2.2, (ultrawide)
2 MP, f/2.4, (macro)";1080p@30fps, gyro-EIS;N/A;microSDXC (uses shared SIM slot);64GB 4GB RAM, 128GB 4GB RAM, 128GB 6GB RAM, 128GB 8GB RAM, 256GB 8GB RAM;Brave Black, Personality Yellow, Magical Blue, Optimistic Blue;SM-A156B, SM-A156B/DS, SM-A156P, SM-A156P/DS, SM-A156U, SM-A156U1, SM-A156U1/DS, SM-A156W, SM-A156P/N, SM-A156P/DSN, SM-S156VL, SM-A156M, SM-A156E, SM-A156E/DSN;$ 86.04 / € 193.00 / ₹ 14,999;N/A;0.80 W/kg (head)     1.46 W/kg (body);N/A;GSM 850 / 900 / 1800 / 1900;HSDPA 850 / 900 / 1700(AWS) / 1900 / 2100;1, 2, 3, 4, 5, 7, 8, 12, 17, 20, 26, 28, 38, 40, 41, 66;1, 3, 5, 7, 8, 26, 28, 40, 41, 66, 77, 78 SA/NSA/Sub6;HSPA, LTE, 5G;GSM / HSPA / LTE / 5G;Octa-core (2x2.2 GHz Cortex-A76 & 6x2.0 GHz Cortex-A55);Mediatek Dimensity 6100+ (6 nm);Mali-G57 MC2;Android 14, up to 4 major Android upgrades, One UI 7;N/A;13 MP, f/2.0, (wide);1080p@30fps;N/A;Yes;Yes;N/A;Active use score 14:31h;N/A;N/A;786 nits max brightness (measured);-25.5 LUFS (Very good);"AnTuTu: 306274 (v9), 364663 (v10)

GeekBench: 1747 (v5), 1763 (v6)
3DMark: 335 (Wild Life Extreme)"
18;Samsung Galaxy A71;https://www.gsmarena.com/samsung_galaxy_a71-9995.php;N/A;N/A;25W wired;Li-Ion 4500 mAh, non-removable;N/A;Glass front (Gorilla Glass 3), plastic back, plastic frame;163.6 x 76 x 7.7 mm (6.44 x 2.99 x 0.30 in);Nano-SIMNano-SIM + Nano-SIM;179 g (6.31 oz);5.0, A2DP, LE;Yes (market dependent);GPS, GLONASS, GALILEO, BDS;FM radio;USB Type-C 2.0, OTG;Wi-Fi 802.11 a/b/g/n/ac, dual-band, Wi-Fi Direct;N/A;Corning Gorilla Glass 3;1080 x 2400 pixels, 20:9 ratio (~393 ppi density);6.7 inches, 108.4 cm2 (~87.2% screen-to-body ratio);Super AMOLED Plus;ANT+;Fingerprint (under display, optical), accelerometer, gyro, proximity, compass;2019, December 12;Available. Released 2020, January 17;N/A;LED flash, panorama, HDR;"64 MP, f/1.8, 26mm (wide), 1/1.72"", 0.8µm, PDAF
12 MP, f/2.2, 123˚ (ultrawide)
5 MP, f/2.4, (macro)
5 MP, f/2.2, (depth)";N/A;N/A;"4K@30fps, 1080p@30/240fps, 1080p@960fps; gyro-EIS";UFS 2.1;microSDXC (dedicated slot);128GB 6GB RAM, 128GB 8GB RAM;Prism Crush Black, Prism Crush Silver, Prism Crush Blue, Prism Crush Pink;SM-A715F, SM-A715F/DS, SM-A715F/DSN, SM-A715F/DSM, SM-A715W, SM-A715X;About 120 EUR;0.98 W/kg (head)     0.90 W/kg (body);0.51 W/kg (head)     1.56 W/kg (body);HSDPA 850 / 900 / 1700(AWS) / 1900 / 2100;GSM 850 / 900 / 1800 / 1900;HSDPA 850 / 900 / 1900 / 2100;1, 2, 3, 4, 5, 7, 8, 12, 13, 17, 20, 28, 38, 40, 41, 66;N/A;HSPA, LTE;GSM / HSPA / LTE;Octa-core (2x2.2 GHz Kryo 470 Gold & 6x1.8 GHz Kryo 470 Silver);Qualcomm SDM730 Snapdragon 730 (8 nm) - GlobalQualcomm SDM730 Snapdragon 730G (8 nm) - Philippines;Adreno 618;Android 10, upgradable to Android 13, One UI 5;HDR;"32 MP, f/2.2, 26mm (wide), 1/2.8"", 0.8µm";4K@30fps, 1080p@30fps;N/A;Yes;Yes;Noise -93.5dB / Crosstalk -92.6dB;N/A;Endurance rating 102h;Photo / Video;515 nits max brightness (measured);-29.0 LUFS (Average);"AnTuTu: 192 458(v7), 263396 (v8)
GeekBench: 7039 (v4.4), 1733 (v5.1)
GFXBench: 15fps (ES 3.1 onscreen)"
19;Samsung Galaxy A23;https://www.gsmarena.com/samsung_galaxy_a23-11373.php;N/A;N/A;25W wired;Li-Po 5000 mAh;N/A;Glass front (Gorilla Glass 5), plastic frame, plastic back;165.4 x 76.9 x 8.4 mm (6.51 x 3.03 x 0.33 in);Nano-SIMNano-SIM + Nano-SIM;195 g (6.88 oz);5.0, A2DP, LE;Yes (market/region dependent);GPS, GLONASS, GALILEO, BDS;FM radio;USB Type-C 2.0;Wi-Fi 802.11 a/b/g/n/ac, dual-band, Wi-Fi Direct;N/A;Corning Gorilla Glass 5;1080 x 2408 pixels, 20:9 ratio (~400 ppi density);6.6 inches, 104.9 cm2 (~82.5% screen-to-body ratio);PLS LCD, 90Hz;Virtual proximity sensing;Fingerprint (side-mounted), accelerometer, gyro, compass;2022, March 04;Available. Released 2022, March 25;N/A;LED flash, panorama, HDR;"50 MP, f/1.8, (wide), PDAF, OIS
5 MP, f/2.2, 123˚ (ultrawide), 1/5.0"", 1.12µm
2 MP, f/2.4, (macro)
2 MP, f/2.4, (depth)";N/A;N/A;1080p@30fps;eMMC 5.1;microSDXC (dedicated slot);64GB 4GB RAM, 64GB 6GB RAM, 128GB 4GB RAM, 128GB 6GB RAM, 128GB 8GB RAM;Black, White, Peach, Blue;SM-A235F, SM-A235F/DS, SM-A235F/DSN, SM-A235M, SM-A235M/DS, SM-A235N;$ 177.99 / € 154.99;0.48 W/kg (head);0.36 W/kg (head)     0.96 W/kg (body);N/A;GSM 850 / 900 / 1800 / 1900;HSDPA 850 / 900 / 2100;1, 3, 5, 7, 8, 20, 28, 38, 40, 41;N/A;HSPA, LTE;GSM / HSPA / LTE;Octa-core (4x2.4 GHz Kryo 265 Gold & 4x1.9 GHz Kryo 265 Silver);Qualcomm SM6225 Snapdragon 680 4G (6 nm);Adreno 610;Android 12, upgradable to Android 14, One UI 6.1;N/A;8 MP, f/2.2, (wide);1080p@30fps;N/A;Yes;Yes;N/A;N/A;Endurance rating 130h;Photo / Video;1241:1 contrast ratio, 464 nits max brightness (measured);-27.6 LUFS (Good);"AnTuTu: 273554 (v9)
GeekBench: 1632 (v5.1)
GFXBench: 6.7fps (ES 3.1 onscreen)"
20;Samsung Galaxy A16 5G;https://www.gsmarena.com/samsung_galaxy_a16_5g-13346.php;N/A;N/A;25W wired;5000 mAh;IP54 dust protected and water resistant (water splashes);Glass front, plastic back, plastic frame;164.4 x 77.9 x 7.9 mm (6.47 x 3.07 x 0.31 in);Nano-SIMNano-SIM + eSIMNano-SIM + Nano-SIM;200 g (7.05 oz);5.3, A2DP, LE;Yes (market/region dependent);GPS, GALILEO, GLONASS, BDS, QZSS;No;USB Type-C 2.0;Wi-Fi 802.11 a/b/g/n/ac, dual-band, Wi-Fi Direct;N/A;N/A;1080 x 2340 pixels, 19.5:9 ratio (~385 ppi density);6.7 inches, 110.2 cm2 (~86.0% screen-to-body ratio);Super AMOLED, 90Hz, 800 nits (HBM);Virtual proximity sensing;Fingerprint (side-mounted), accelerometer, gyro, compass;2024, October 07;Available. Released 2024, October 25;N/A;LED flash, panorama, HDR;N/A;N/A;"50 MP, f/1.8, (wide), 1/2.76"", 0.64µm, AF
5 MP, f/2.2, (ultrawide), 1/5.0"", 1.12µm
2 MP, f/2.4, (macro)";1080p@30fps, gyro-EIS;N/A;microSDXC (uses shared SIM slot);128GB 4GB RAM, 128GB 6GB RAM, 128GB 8GB RAM, 256GB 8GB RAM;Blue Black, Light Gray, Gold, Light Green;SM-A166B, SM-A166B/DS, SM-A166P, SM-A166P/DS, SM-A166E, SM-A166E/DS;$ 149.59 / € 144.05 / £ 118.79 / ₹ 15,999;N/A;0.38 W/kg (head)     0.94 W/kg (body);2, 5, 25, 41, 66, 71, 77, 78 SA/NSA/Sub6/mmWave - USA unlocked;GSM 850 / 900 / 1800 / 1900;HSDPA 850 / 900 / 1700(AWS) / 1900 / 2100;1, 2, 3, 4, 5, 7, 8, 12, 17, 20, 28, 38, 40, 41, 66 - International;1, 3, 7, 8, 20, 28, 38, 40, 41, 77, 78 SA/NSA/Sub6 - International;HSPA, LTE, 5G;GSM / HSPA / LTE / 5G;Octa-core (2x2.4 GHz Cortex-A78 & 6x2.0 GHz Cortex-A55) or Octa-core (2x2.4 GHz Cortex-A76 & 6x2.0 GHz Cortex-A55);Exynos 1330 (5 nm) or Mediatek Dimensity 6300 (6 nm);Mali-G68 MP2 or Mali-G57 MC2;Android 14, up to 6 major Android upgrades, One UI 6.1;N/A;"13 MP, f/2.0, (wide), 1/3.1"", 1.12µm";1080p@30fps;N/A;No;Yes;N/A;Active use score 12:08h;N/A;N/A;824 nits max brightness (measured);-25.7 LUFS (Very good);"AnTuTu: 368854 (v9), 435895 (v10)
GeekBench: 2090 (v5), 2042 (v6)
3DMark: 360 (Wild Life Extreme)"
21;Samsung Galaxy A03s;https://www.gsmarena.com/samsung_galaxy_a03s-10937.php;N/A;N/A;15W wired;Li-Po 5000 mAh;N/A;Glass front, plastic frame, plastic back;164.2 x 75.9 x 9.1 mm (6.46 x 2.99 x 0.36 in);Nano-SIM + Nano-SIM;196 g (6.91 oz);5.0, A2DP;Yes (market/region dependent);GPS, GLONASS, GALILEO, BDS;No;USB Type-C 2.0;Wi-Fi 802.11 b/g/n, Wi-Fi Direct;N/A;N/A;720 x 1600 pixels, 20:9 ratio (~270 ppi density);6.5 inches, 102.0 cm2 (~81.8% screen-to-body ratio);PLS LCD;N/A;Fingerprint (side-mounted), accelerometer, proximity;2021, August 18;Available. Released 2021, August 18;N/A;LED flash;N/A;N/A;"13 MP, f/2.2, (wide), AF
2 MP, f/2.4, (macro)
2 MP, f/2.4, (depth)";1080p@30fps;eMMC 5.1;microSDXC (dedicated slot);32GB 2GB RAM, 32GB 3GB RAM, 32GB 4GB RAM, 64GB 3GB RAM, 64GB 4GB RAM;Black, Blue, White;SM-A037F, SM-A037F/DS, SM-A037M, SM-A037G, SM-A037U, SM-S134DL, SM-A037W, SM-A037U1, SM-S135DL;$ 51.49 / € 129.99 / £ 79.99;N/A;0.36 W/kg (head)     1.09 W/kg (body);2, 4, 5, 7, 12, 13, 14, 25, 26, 41, 66, 71 - SM-A037U;GSM 850 / 900 / 1800 / 1900;HSDPA 850 / 900 / 2100;1, 3, 5, 7, 8, 20, 28, 38, 40, 41;N/A;HSPA 42.2/5.76 Mbps, LTE Cat4 150/50 Mbps;GSM / HSPA / LTE;Octa-core (4x2.35 GHz Cortex-A53 & 4x1.8 GHz Cortex-A53);Mediatek MT6765 Helio P35 (12 nm);PowerVR GE8320;Android 11, upgradable to Android 13, One UI 5.1 Core;N/A;5 MP, f/2.2;1080p@30fps;N/A;Yes;Yes;N/A;N/A;Endurance rating 122h;Photo / Video;1718:1 contrast ratio, 488 nits max brightness (measured);-27.4 LUFS (Good);"AnTuTu: 103465 (v8), 101299 (v9)
GeekBench: 889 (v5.1)
GFXBench: 5.5fps (ES 3.1 onscreen)"
22;Samsung Galaxy A06 5G;https://www.gsmarena.com/samsung_galaxy_a06_5g-13662.php;N/A;N/A;25W wired;5000 mAh;IP54 dust protected and water resistant (water splashes);Glass front, plastic back, plastic frame;167.3 x 77.3 x 8 mm (6.59 x 3.04 x 0.31 in);Nano-SIM + Nano-SIM;191 g (6.74 oz);5.3, A2DP, LE;No;GPS, GLONASS, GALILEO, BDS;Unspecified;USB Type-C 2.0;Wi-Fi 802.11 a/b/g/n/ac, dual-band, Wi-Fi Direct;N/A;N/A;720 x 1600 pixels, 20:9 ratio (~262 ppi density);6.7 inches, 108.4 cm2 (~83.8% screen-to-body ratio);PLS LCD, 90Hz;N/A;Fingerprint (side-mounted), accelerometer, gyro, proximity, compass;2025, February 19;Available. Released 2025, February 19;"50 MP, f/1.8, (wide), PDAF
2 MP, f/2.4, (depth)";LED flash;N/A;N/A;N/A;1080p@30/60fps;N/A;microSDXC (uses shared SIM slot);64GB 4GB RAM, 128GB 4GB RAM, 128GB 6GB RAM;Black, Gray, Light Green;SM-A066B, SM-A066B/DS;₹ 10,499;1.05 W/kg (head);1.30 W/kg (head)     1.30 W/kg (body);N/A;GSM 850 / 900 / 1800 / 1900;HSDPA 850 / 900 / 1700(AWS) / 1900 / 2100;1, 2, 3, 4, 5, 7, 8, 12, 17, 20, 26, 28, 38, 40, 41, 66;1, 3, 5, 7, 8, 26, 28, 40, 41, 66, 77, 78 SA/NSA/Sub6;HSPA, LTE, 5G;GSM / HSPA / LTE / 5G;Octa-core (2x2.4 GHz Cortex-A76 & 6x2.0 GHz Cortex-A55);Mediatek Dimensity 6300 (6 nm);Mali-G57 MC2;Android 15, up to 4 major Android upgrades, One UI 7;N/A;"8 MP, f/2.0, (wide), 1/4.0"", 1.12µm";Yes;N/A;Yes;Yes;N/A;N/A;N/A;N/A;N/A;N/A;N/A
23;Samsung Galaxy A53 5G;https://www.gsmarena.com/samsung_galaxy_a53_5g-11268.php;N/A;N/A;25W wired;Li-Po 5000 mAh;IP67 dust/water resistant (up to 1m for 30 min);Glass front (Gorilla Glass 5), plastic frame, plastic back;159.6 x 74.8 x 8.1 mm (6.28 x 2.94 x 0.32 in);Nano-SIMNano-SIM + Nano-SIM;189 g (6.67 oz);5.1, A2DP, LE;Yes (market/region dependent);GPS, GLONASS, GALILEO, BDS;No;USB Type-C 2.0, OTG;Wi-Fi 802.11 a/b/g/n/ac, dual-band, Wi-Fi Direct;N/A;Corning Gorilla Glass 5;1080 x 2400 pixels, 20:9 ratio (~405 ppi density);6.5 inches, 102.0 cm2 (~85.4% screen-to-body ratio);Super AMOLED, 120Hz, 800 nits (HBM);Virtual proximity sensing;Fingerprint (under display, optical), accelerometer, gyro, compass, barometer (market/region dependent);2022, March 17;Available. Released 2022, March 24;N/A;LED flash, panorama, HDR;"64 MP, f/1.8, 26mm (wide), 1/1.7X"", 0.8µm, PDAF, OIS
12 MP, f/2.2, 123˚ (ultrawide), 1.12µm
5 MP, f/2.4, (macro)
5 MP, f/2.4, (depth)";N/A;N/A;"4K@30fps, 1080p@30/60fps; gyro-EIS";N/A;microSDXC (uses shared SIM slot);128GB 4GB RAM, 128GB 6GB RAM, 128GB 8GB RAM, 256GB 6GB RAM, 256GB 8GB RAM;Black, White, Blue, Peach;SM-A536B, SM-A536B/DS, SM-A536U, SM-A536U1, SM-A5360, SM-A536E, SM-A536E/DS, SM-A536V, SM-A536W, SM-A536N, SM-S536DL;$ 112.38 / € 162.99 / £ 133.68;0.75 W/kg (head)     1.58 W/kg (body);0.89 W/kg (head)     1.60 W/kg (body);2, 5, 48, 66, 77, 78, 260, 261 SA/NSA/Sub6/mmWave - SM-A536V;GSM 850 / 900 / 1800 / 1900;HSDPA 850 / 900 / 1700(AWS) / 1900 / 2100;1, 2, 3, 4, 5, 7, 12, 14, 20, 29, 30, 38, 39, 40, 41, 46, 48, 66 - SM-A536U;2, 5, 41, 66, 77, 78 SA/NSA/Sub6/mmWave - SM-A536U;HSPA, LTE, 5G;GSM / HSPA / LTE / 5G;Octa-core (2x2.4 GHz Cortex-A78 & 6x2.0 GHz Cortex-A55);Exynos 1280 (5 nm);Mali-G68;Android 12, up to 4 major Android upgrades, One UI 7;HDR;"32 MP, f/2.2, 26mm (wide), 1/2.8"", 0.8µm";4K@30fps, 1080p@30fps;N/A;No;Yes, with stereo speakers;N/A;N/A;Endurance rating 113h;Photo / Video;830 nits max brightness (measured);-26.5 LUFS (Good);"AnTuTu: 329802 (v8), 379313 (v9)
GeekBench: 1891 (v5.1)
GFXBench: 19fps (ES 3.1 onscreen)"
24;Samsung Galaxy A15;https://www.gsmarena.com/samsung_galaxy_a15-12637.php;N/A;N/A;25W wired;5000 mAh;N/A;Glass front, plastic back, plastic frame;160.1 x 76.8 x 8.4 mm (6.30 x 3.02 x 0.33 in);Nano-SIMNano-SIM + Nano-SIM;200 g (7.05 oz);5.3, A2DP, LE;Yes (market/region dependent);GPS, GALILEO, GLONASS, BDS, QZSS;FM radio (market/region dependent);USB Type-C 2.0;Wi-Fi 802.11 a/b/g/n/ac, dual-band, Wi-Fi Direct;N/A;N/A;1080 x 2340 pixels, 19.5:9 ratio (~396 ppi density);6.5 inches, 103.7 cm2 (~84.3% screen-to-body ratio);Super AMOLED, 90Hz, 800 nits (HBM);Virtual proximity sensing;Fingerprint (side-mounted), accelerometer, compass;2023, December 11;Available. Released 2023, December 16;N/A;LED flash, panorama, HDR;N/A;N/A;"50 MP, f/1.8, 26mm (wide), 1/2.8"", 0.64µm, PDAF
5 MP, f/2.2, 17mm (ultrawide), 1/5.0"", 1.12µm
2 MP, f/2.4, (macro)";1080p@30fps;N/A;microSDXC (uses shared SIM slot);128GB 4GB RAM, 128GB 6GB RAM, 128GB 8GB RAM, 256GB 6GB RAM, 256GB 8GB RAM;Brave Black, Optimistic Blue, Magical Blue, Personality Yellow;SM-A155F, SM-A155F/DSN, SM-A155M, SM-A155M/DS, SM-A155P, SM-A155R;$ 112.00 / € 149.37 / £ 115.00;N/A;0.42 W/kg (head)     1.29 W/kg (body);N/A;GSM 850 / 900 / 1800 / 1900;HSDPA 850 / 900 / 2100;1, 3, 5, 7, 8, 20, 28, 38, 40, 41;N/A;HSPA, LTE;GSM / HSPA / LTE;Octa-core (2x2.2 GHz Cortex-A76 & 6x2.0 GHz Cortex-A55);Mediatek Helio G99 (6 nm);Mali-G57 MC2;Android 14, up to 4 major Android upgrades, One UI 7;N/A;"13 MP, f/2.0, 26mm (wide), 1/3.06"", 1.12µm";1080p@30fps;N/A;Yes;Yes;N/A;Active use score 15:28h;N/A;N/A;808 nits max brightness (measured);-25.5 LUFS (Very good);"AnTuTu: 316967 (v9), 375314 (v10)

GeekBench: 1928 (v5), 1936 (v6)
3DMark: 338 (Wild Life Extreme)"
25;Samsung Galaxy M35;https://www.gsmarena.com/samsung_galaxy_m35-13006.php;N/A;N/A;25W wired;6000 mAh;N/A;Glass front (Gorilla Glass Victus+), plastic frame, glass back;162.3 x 78.6 x 9.1 mm (6.39 x 3.09 x 0.36 in);Nano-SIM + Nano-SIM;222 g (7.83 oz);5.3, A2DP, LE;Yes (market/region dependent);GPS, GALILEO, GLONASS, BDS, QZSS;Unspecified;USB Type-C 2.0, OTG;Wi-Fi 802.11 a/b/g/n/ac/6, dual-band, Wi-Fi Direct;N/A;Corning Gorilla Glass Victus+;1080 x 2340 pixels, 19.5:9 ratio (~390 ppi density);6.6 inches, 106.9 cm2 (~83.8% screen-to-body ratio);Super AMOLED, 120Hz, 1000 nits (HBM);Virtual proximity sensing;Fingerprint (side-mounted), accelerometer, gyro, compass;2024, May 24;Available. Released 2024, May 24;N/A;LED flash, panorama, HDR;N/A;N/A;"50 MP, f/1.8, (wide), 1/1.96"", PDAF, OIS
8 MP, f/2.2, 123˚, (ultrawide), 1/4.0"", 1.12µm
2 MP, f/2.4, (macro)";4K@30fps, 1080p@30/60fps, 720p@480fps, gyro-EIS;N/A;microSDXC (uses shared SIM slot);128GB 6GB RAM, 128GB 8GB RAM, 256GB 8GB RAM;Dark Blue, Light Blue, Gray;SM-M356B, SM-M356B/DS;€ 188.00 / ₹ 13,999;0.53 W/kg (head);0.31 W/kg (head)     1.30 W/kg (body);N/A;GSM 850 / 900 / 1800 / 1900;HSDPA 850 / 900 / 1700(AWS) / 1900 / 2100;1, 2, 3, 4, 5, 7, 8, 12, 17, 20, 26, 28, 38, 40, 41, 66;1, 3, 5, 7, 8, 20, 28, 38, 40, 41, 77, 78 SA/NSA/Sub6;HSPA, LTE, 5G;GSM / HSPA / LTE / 5G;Octa-core (4x2.4 GHz Cortex-A78 & 4x2.0 GHz Cortex-A55);Exynos 1380 (5 nm);Mali-G68 MP5;Android 14, One UI 6.1;N/A;"13 MP, f/2.2, (wide), 1/3.06"", 1.12µm";4K@30fps, 1080p@30fps;N/A;No;Yes, with stereo speakers;N/A;N/A;N/A;N/A;N/A;N/A;N/A
26;Samsung Galaxy A51;https://www.gsmarena.com/samsung_galaxy_a51-9963.php;N/A;N/A;15W wired;Li-Po 4000 mAh, non-removable;N/A;Glass front (Gorilla Glass 3), plastic back, plastic frame;158.5 x 73.6 x 7.9 mm (6.24 x 2.90 x 0.31 in);Nano-SIMNano-SIM + Nano-SIM;172 g (6.07 oz);5.0, A2DP, LE;Yes;GPS, GLONASS, GALILEO, BDS;FM radio;USB Type-C 2.0, OTG;Wi-Fi 802.11 a/b/g/n/ac, dual-band, Wi-Fi Direct;N/A;Corning Gorilla Glass 3;1080 x 2400 pixels, 20:9 ratio (~405 ppi density);6.5 inches, 102.0 cm2 (~87.4% screen-to-body ratio);Super AMOLED;"Virtual proximity sensing
ANT+";Fingerprint (under display, optical), accelerometer, gyro, compass;2019, December 12;Available. Released 2019, December 16;N/A;LED flash, panorama, HDR;"48 MP, f/2.0, 26mm (wide), 1/2.0"", 0.8µm, PDAF
12 MP, f/2.2, 123˚ (ultrawide)
5 MP, f/2.4, (macro)
5 MP, f/2.2, (depth)";N/A;N/A;"4K@30fps, 1080p@30/120fps; gyro-EIS";UFS 2.0;microSDXC (dedicated slot);64GB 4GB RAM, 128GB 4GB RAM, 128GB 6GB RAM, 128GB 8GB RAM, 256GB 6GB RAM, 256GB 8GB RAM;Prism Crush Black, Prism Crush White, Prism Crush Blue, Prism Crush Pink;SM-A515F, SM-A515F/DSN, SM-A515F/DS, SM-A515F/DST, SM-A515F/DSM, SM-A515F/N, SM-A515U, SM-A515U1, SM-A515W, SM-A515X, SM-S515DL;About 100 EUR;0.80 W/kg (head)     0.67 W/kg (body);0.37 W/kg (head)     1.59 W/kg (body);2, 4, 5, 12, 13, 25, 26, 41, 66, 71 - SM-A515U;GSM 850 / 900 / 1800 / 1900;HSDPA 850 / 900 / 1900 / 2100;1, 2, 3, 4, 5, 7, 8, 12, 13, 17, 20, 26, 28, 38, 40, 41, 66;N/A;HSPA, LTE;GSM / HSPA / LTE;Octa-core (4x2.3 GHz Cortex-A73 & 4x1.7 GHz Cortex-A53);Exynos 9611 (10 nm);Mali-G72 MP3;Android 10, upgradable to Android 13, One UI 5;HDR;"32 MP, f/2.2, 26mm (wide), 1/2.8"", 0.8µm";4K@30fps, 1080p@30fps;N/A;Yes;Yes;Noise -93.1dB / Crosstalk -87.3dB;N/A;Endurance rating 86h;Photo / Video;636 nits max brightness (measured);-28.6 LUFS (Average);"AnTuTu: 113051 (v7), 175363 (v8)
GeekBench: 5401 (v4.4), 1294 (v5.1)
GFXBench: 5.6fps (ES 3.1 onscreen)"
27;Samsung Galaxy A05s;https://www.gsmarena.com/samsung_galaxy_a05s-12584.php;N/A;N/A;25W wired;Li-Po 5000 mAh;N/A;Glass front, plastic back, plastic frame;168 x 77.8 x 8.8 mm (6.61 x 3.06 x 0.35 in);Nano-SIMNano-SIM + Nano-SIM;194 g (6.84 oz);5.1, A2DP, LE;Yes (market/region dependent);GPS, GLONASS, GALILEO, BDS, QZSS;Unspecified;USB Type-C 2.0;Wi-Fi 802.11 a/b/g/n/ac, dual-band, Wi-Fi Direct;N/A;N/A;1080 x 2400 pixels, 20:9 ratio (~393 ppi density);6.7 inches, 108.4 cm2 (~82.9% screen-to-body ratio);PLS LCD, 90Hz;N/A;Fingerprint (side-mounted), accelerometer, proximity;2023, September 25;Available. Released 2023, October 18;N/A;LED flash;N/A;N/A;"50 MP, f/1.8, (wide), 1/2.8"", 0.64µm, AF
2 MP, f/2.4, (macro)
2 MP, f/2.4, (depth)";1080p@30/60fps;eMMC 5.1;microSDXC (dedicated slot);64GB 4GB RAM, 128GB 4GB RAM, 128GB 6GB RAM;Black, Silver, Light Green, Violet;SM-A057F, SM-A057F/DS, SM-A057M, SM-A057M/DS, SM-A057G/DSN, SM-A057G;$ 132.42 / € 99.99 / £ 87.90 / ₹ 12,894;N/A;0.58 W/kg (head)     1.31 W/kg (body);N/A;GSM 850 / 900 / 1800 / 1900;HSDPA 850 / 900 / 2100;1, 3, 5, 7, 8, 20, 28, 38, 40, 41;N/A;HSPA, LTE;GSM / HSPA / LTE;Octa-core (4x2.4 GHz Kryo 265 Gold & 4x1.9 GHz Kryo 265 Silver);Qualcomm SM6225 Snapdragon 680 4G (6 nm);Adreno 610;Android 13, up to 2 major Android upgrades, One UI 7;N/A;"13 MP, f/2.0, (wide), 1/3.X"", 1.12µm";1080p@30fps;N/A;Yes;Yes;N/A;Active use score 11:32h;N/A;Photo / Video;1418:1 contrast ratio, 468 nits max brightness (measured);-30.0 LUFS (Average);"AnTuTu: 264654 (v9), 316956 (v10)
GeekBench: 1457 (v5), 1449 (v6)
GFXBench: 7fps (ES 3.1 onscreen)"
28;Samsung Galaxy M16;https://www.gsmarena.com/samsung_galaxy_m16-13680.php;N/A;N/A;25W wired;5000 mAh;IP54 dust protected and water resistant (water splashes);Glass front, plastic back, plastic frame;164.4 x 77.9 x 7.9 mm (6.47 x 3.07 x 0.31 in);Nano-SIM + Nano-SIM;191 g (6.74 oz);5.3, A2DP, LE;Yes;GPS, GALILEO, GLONASS, BDS, QZSS;No;USB Type-C 2.0;Wi-Fi 802.11 a/b/g/n/ac, dual-band, Wi-Fi Direct;N/A;N/A;1080 x 2340 pixels, 19.5:9 ratio (~385 ppi density);6.7 inches, 110.2 cm2 (~86.0% screen-to-body ratio);Super AMOLED, 90Hz, 800 nits (HBM);N/A;Fingerprint (side-mounted), accelerometer, gyro, proximity, compass;2025, February 27;Available. Released 2025, March 05;N/A;LED flash, panorama, HDR;N/A;N/A;"50 MP, f/1.8, (wide), 1/2.76"", 0.64µm, AF
5 MP, f/2.2, (ultrawide), 1/5.0"", 1.12µm
2 MP, f/2.4, (macro)";1080p@30fps, gyro-EIS;N/A;microSDXC (uses shared SIM slot);128GB 4GB RAM, 128GB 6GB RAM, 128GB 8GB RAM, 256GB 8GB RAM;Thunder Black, MInt Green, Blush Pink;SM-M166P, SM-M166P/DS;₹ 10,999;1.08 W/kg (head);0.99 W/kg (head)     1.19 W/kg (body);N/A;GSM 850 / 900 / 1800 / 1900;HSDPA 850 / 900 / 1700(AWS) / 1900 / 2100;1, 2, 3, 4, 5, 7, 8, 12, 17, 20, 26, 28, 38, 40, 41, 66;1, 3, 5, 7, 8, 28, 40, 41, 66, 77, 78 SA/NSA/Sub6;HSPA, LTE, 5G;GSM / HSPA / LTE / 5G;Octa-core (2x2.4 GHz Cortex-A76 & 6x2.0 GHz Cortex-A55);Mediatek Dimensity 6300 (6 nm);Mali-G57 MC2;Android 15, up to 6 major Android upgrades, One UI 7;N/A;"13 MP, f/2.0, (wide), 1/3.1"", 1.12µm";1080p@30fps;N/A;No;Yes;N/A;N/A;N/A;N/A;N/A;N/A;N/A
29;Samsung Galaxy A06;https://www.gsmarena.com/samsung_galaxy_a06-13265.php;N/A;N/A;25W wired;Li-Po 5000 mAh;N/A;Glass front, plastic back, plastic frame;167.3 x 77.3 x 8 mm (6.59 x 3.04 x 0.31 in);Nano-SIMNano-SIM + Nano-SIM;189 g (6.67 oz);5.3, A2DP, LE;No;GPS, GLONASS, GALILEO, BDS;FM radio;USB Type-C 2.0;Wi-Fi 802.11 a/b/g/n/ac, dual-band, Wi-Fi Direct;N/A;N/A;720 x 1600 pixels, 20:9 ratio (~262 ppi density);6.7 inches, 108.4 cm2 (~83.8% screen-to-body ratio);PLS LCD;N/A;Fingerprint (side-mounted), accelerometer, proximity;2024, August 16;Available. Released 2024, August 22;"50 MP, f/1.8, (wide), 1/2.76"", 0.64µm, PDAF
2 MP, f/2.4, (depth)";LED flash;N/A;N/A;N/A;1080p@30/60fps;eMMC 5.1;microSDXC (dedicated slot);64GB 4GB RAM, 128GB 4GB RAM, 128GB 6GB RAM;Blue, Gold, White;SM-A065F, SM-A065F/DS, SM-A065M, SM-A065M/DS;$ 96.00 / € 89.45 / £ 66.00 / ₹ 6,750;N/A;0.44 W/kg (head)     1.08 W/kg (body);N/A;GSM 850 / 900 / 1800 / 1900;HSDPA 850 / 900 / 2100;1, 3, 5, 7, 8, 20, 28, 38, 40, 41;N/A;HSPA, LTE;GSM / HSPA / LTE;Octa-core (2x2.0 GHz Cortex-A75 & 6x1.8 GHz Cortex-A55);Mediatek Helio G85 (12 nm);Mali-G52 MC2;Android 14, up to 2 major Android upgrades;N/A;"8 MP, f/2.0, (wide), 1/4.0"", 1.12µm";Yes;N/A;Yes;Yes;N/A;Active use score 13:50h;N/A;N/A;1484:1 contrast ratio, 564 nits max brightness (measured);-27.7 LUFS (Good);"AnTuTu: 182064 (v9), 247675 (v10)

GeekBench: 1273 (v5), 1276 (v6)
3DMark: 188 (Wild Life Extreme)"
30;Samsung Galaxy S25 Edge;https://www.gsmarena.com/samsung_galaxy_s25_edge-13506.php;N/A;N/A;"25W wired, PD, QC2.0, 55% in 30 min
15W wireless (Qi2 Ready)";Li-Ion 3900 mAh;IP68 dust tight and water resistant (immersible up to 1.5m for 30 min);Glass front (Gorilla Glass Ceramic 2), titanium frame, glass back (Gorilla Glass Victus 2);158.2 x 75.6 x 5.8 mm (6.23 x 2.98 x 0.23 in);Nano-SIM + Nano-SIM + eSIM + eSIM (max 2 at a time)Nano-SIM + eSIM + eSIM (max 2 at a time);163 g (5.75 oz);5.4, A2DP, LE;Yes;GPS, GLONASS, GALILEO, BDS;Unspecified;USB Type-C 3.2;Wi-Fi 802.11 a/b/g/n/ac/6/7, tri-band, Wi-Fi Direct;N/A;Corning Gorilla Glass Ceramic 2;1440 x 3120 pixels, 19.5:9 ratio (~513 ppi density);6.7 inches, 110.2 cm2 (~92.1% screen-to-body ratio);LTPO AMOLED 2X, 120Hz, 480Hz PWM, HDR10+;"Samsung DeX
Ultra Wideband (UWB) support";Fingerprint (under display, ultrasonic), accelerometer, proximity, gyro, compass, barometer;2025, May 13;Available. Released 2025, May 29;"200 MP, f/1.7, 24mm (wide), 1/1.3"", 0.6µm, multi-directional PDAF, OIS
12 MP, f/2.2, 13mm (ultrawide), 1/2.55"", 1.4µm, PDAF";Best Face, LED flash, HDR, panorama;N/A;N/A;N/A;8K@30fps, 4K@30/60/120fps, 1080p@30/60/120/240fps;N/A;No;256GB 12GB RAM, 512GB 12GB RAM;Titanium Icyblue, Titanium Silver, Titanium Jetblack;SM-S937U, SM-S937U1, SM-S937B, SM-S937B/DS, SM-S9370;$ 999.99 / € 988.99 / £ 926.71 / ₹ 109,999;1.21 W/kg (head)     1.23 W/kg (body);1.24 W/kg (head)     1.25 W/kg (body);1, 2, 5, 7, 25, 28, 41, 66, 71, 77, 78, 257, 258, 260, 261 SA/NSA/Sub6/mmWave - USA;GSM 850 / 900 / 1800 / 1900;HSDPA 850 / 900 / 1700(AWS) / 1900 / 2100;1, 2, 3, 4, 5, 7, 8, 12, 13, 17, 18, 19, 20, 25, 26, 28, 32, 38, 39, 40, 41, 66 - International;1, 2, 3, 5, 7, 8, 12, 20, 25, 26, 28, 38, 40, 41, 66, 75, 77, 78 SA/NSA/Sub6 - International;HSPA, LTE (CA), 5G;GSM / HSPA / LTE / 5G;Octa-core (2x4.47 GHz Oryon V2 Phoenix L + 6x3.53 GHz Oryon V2 Phoenix M);Qualcomm SM8750-AB Snapdragon 8 Elite (3 nm);Adreno 830;Android 15, One UI 7;N/A;"12 MP, f/2.2, 26mm (wide), 1/3.2"", 1.12µm, dual pixel PDAF";4K@30/60fps, 1080p@30/60fps;N/A;No;Yes, with stereo speakers;N/A;Active use score 12:06h;N/A;N/A;1416 nits max brightness (measured);-26.4 LUFS (Good);"AnTuTu: 2147084 (v10)
GeekBench: 9391 (v6)
3DMark: 6473 (Wild Life Extreme)"
31;Samsung Galaxy A35;https://www.gsmarena.com/samsung_galaxy_a35-12705.php;N/A;N/A;25W wired;Li-Ion 5000 mAh;IP67 dust/water resistant (up to 1m for 30 min);Glass front (Gorilla Glass Victus+), plastic frame, glass back;161.7 x 78 x 8.2 mm (6.37 x 3.07 x 0.32 in);Nano-SIM + eSIMNano-SIM + Nano-SIM;209 g (7.37 oz);5.3, A2DP, LE;Yes (market/region dependent);GPS, GALILEO, GLONASS, BDS, QZSS;No;USB Type-C 2.0, OTG;Wi-Fi 802.11 a/b/g/n/ac/6, dual-band, Wi-Fi Direct;N/A;Corning Gorilla Glass Victus+;1080 x 2340 pixels, 19.5:9 ratio (~390 ppi density);6.6 inches, 106.9 cm2 (~84.8% screen-to-body ratio);Super AMOLED, 120Hz, 1000 nits (HBM);"Virtual proximity sensing
Circle to Search";Fingerprint (under display, optical), accelerometer, gyro, compass;2024, March 11;Available. Released 2024, March 15;N/A;LED flash, panorama, HDR;N/A;N/A;"50 MP, f/1.8, (wide), 1/1.96"", PDAF, OIS
8 MP, f/2.2, 123˚, (ultrawide), 1/4.0"", 1.12µm
5 MP, f/2.4, (macro)";4K@30fps, 1080p@30/60fps, gyro-EIS;N/A;microSDXC (uses shared SIM slot);128GB 6GB RAM, 128GB 8GB RAM, 256GB 6GB RAM, 256GB 8GB RAM, 256GB 12GB RAM;Iceblue, Lilac, Navy, Lemon;SM-A356E, SM-A356E/DS, SM-A356B, SM-A356B/DS, SM-A356U, SM-A356U1;$ 118.81 / € 242.50 / £ 223.11 / ₹ 20,165;0.81 W/kg (head);0.44 W/kg (head)     0.92 W/kg (body);N/A;GSM 850 / 900 / 1800 / 1900;HSDPA 850 / 900 / 1700(AWS) / 1900 / 2100;1, 2, 3, 4, 5, 7, 8, 12, 13, 17, 20, 25, 26, 28, 32, 38, 40, 41, 66;1, 3, 5, 7, 8, 26, 28, 40, 41, 66, 77, 78 SA/NSA/Sub6;HSPA, LTE, 5G;GSM / HSPA / LTE / 5G;Octa-core (4x2.4 GHz Cortex-A78 & 4x2.0 GHz Cortex-A55);Exynos 1380 (5 nm);Mali-G68 MP5;Android 14, up to 4 major Android upgrades, One UI 7;N/A;"13 MP, f/2.2, (wide), 1/3.06"", 1.12µm";4K@30fps, 1080p@30fps;N/A;No;Yes, with stereo speakers;N/A;Active use score 12:26h;N/A;N/A;1024 nits max brightness (measured);-26.1 LUFS (Good);"AnTuTu: 522829 (v9), 603441 (v10)

GeekBench: 2740 (v5), 2931 (v6)
3DMark: 806 (Wild Life Extreme)"
